-- phpMyAdmin SQL Dump
-- version 5.2.2
-- https://www.phpmyadmin.net/
--
-- Host: mysql
-- Generation Time: Mar 30, 2025 at 08:38 AM
-- Server version: 10.11.5-MariaDB-1:10.11.5+maria~ubu2204
-- PHP Version: 8.2.28

SET SQL_MODE = "NO_AUTO_VALUE_ON_ZERO";
START TRANSACTION;
SET time_zone = "+00:00";


/*!40101 SET @OLD_CHARACTER_SET_CLIENT=@@CHARACTER_SET_CLIENT */;
/*!40101 SET @OLD_CHARACTER_SET_RESULTS=@@CHARACTER_SET_RESULTS */;
/*!40101 SET @OLD_COLLATION_CONNECTION=@@COLLATION_CONNECTION */;
/*!40101 SET NAMES utf8mb4 */;

--
-- Database: `db_gordao110`
--

-- --------------------------------------------------------

--
-- Table structure for table `gallery`
--

CREATE TABLE `gallery` (
  `id` int(11) NOT NULL,
  `user_id` int(11) DEFAULT NULL,
  `img_title` varchar(80) DEFAULT NULL,
  `img` varchar(255) DEFAULT NULL,
  `created_at` timestamp NULL DEFAULT current_timestamp(),
  `updated_at` timestamp NOT NULL DEFAULT current_timestamp()
) ENGINE=InnoDB DEFAULT CHARSET=utf8mb3 COLLATE=utf8mb3_general_ci;

--
-- Dumping data for table `gallery`
--

INSERT INTO `gallery` (`id`, `user_id`, `img_title`, `img`, `created_at`, `updated_at`) VALUES
(1, 1, 'Pizzas', 'pizzasRefris_template.jpg', '2020-06-09 01:27:50', '2020-06-09 01:27:50'),
(2, 1, 'Hambúrguer e batatas', 'hamburguerBatataTomate_template.png', '2020-06-09 01:28:20', '2020-06-09 01:28:20'),
(3, 1, 'Batatas e Hambúrgueres', 'batataGarfoHamburguer.jpg', '2020-06-09 01:29:02', '2020-06-09 01:37:00'),
(4, 1, 'Hambúrguer', 'hamburguer_template.png', '2020-06-09 01:31:34', '2020-06-09 01:31:34'),
(5, 1, 'Usuários', 'users.png', '2020-06-09 01:34:41', '2020-06-09 01:34:41'),
(6, 1, 'Imagem interna', 'restaurante.png', '2020-06-09 01:35:38', '2020-06-09 01:35:38'),
(7, 1, 'Lanches', 'comida-rapida-espacio-abajo.png', '2020-06-09 01:37:37', '2020-06-09 01:37:37'),
(8, 1, 'Lanches várias categorias', 'categories.png', '2020-06-09 01:38:03', '2020-06-09 01:38:03'),
(9, 1, 'Mesa', 'blog.png', '2020-06-09 01:38:49', '2020-06-09 01:38:49'),
(10, 1, 'Ilustração de ingredientes', 'gordao110.png', '2020-06-09 01:40:25', '2020-06-09 01:40:25'),
(11, 1, 'Hambúrger Batata frita e Bebida', 'hamburguerBataBebida.jpg', '2020-06-09 01:41:22', '2020-06-09 02:39:02'),
(12, 1, 'Hambúrguer e Batata', 'footerImg.jpg', '2020-06-09 01:42:01', '2020-06-09 01:42:01'),
(13, 1, 'Imagem interna da filial', 'restaurante_imagem_interna.png', '2020-06-09 01:42:39', '2020-06-09 01:42:39'),
(14, 1, 'Contato', 'contact.png', '2020-06-09 01:43:06', '2020-06-09 01:43:06'),
(15, 1, 'Foto da Galeria', 'gallery.png', '2020-06-09 01:43:38', '2020-06-09 01:43:38'),
(16, 1, 'Letreiros', 'gordao_letreiros.png', '2020-06-09 01:44:15', '2020-06-09 01:44:15'),
(17, 1, 'Clientes', 'clients.png', '2020-06-09 01:45:44', '2020-06-09 01:45:44'),
(18, 1, 'Hambúrgueres', 'hamburgueres.jpg', '2020-06-09 02:19:25', '2020-06-09 02:19:25'),
(19, 1, 'Lanches diversos', 'lachesDiversos.jpg', '2020-06-09 02:19:50', '2020-06-09 02:19:50'),
(20, 1, 'Lanches e doces', 'variosLanches.jpg', '2020-06-09 02:20:18', '2020-06-09 02:20:18'),
(21, 1, 'Prato com batata frita e Hambúrguer', 'pratoHaburguerBatata.jpg', '2020-06-09 02:20:41', '2020-06-09 02:20:41'),
(22, 1, 'Erro 404 Página não encontrada', '404.png', '2020-06-09 02:22:26', '2020-06-09 02:39:52'),
(23, 1, 'Logo do Gordão a 110%', 'gordao110_logo.png', '2020-06-09 02:23:42', '2020-06-09 02:40:22'),
(24, 1, 'Favicon do site', 'favicon.png', '2020-06-09 02:24:19', '2020-06-09 02:24:19'),
(25, 1, 'Gordão a 110% - Mobile Mockup', 'mockup_mobile-min.png', '2020-06-09 02:25:37', '2020-06-11 01:07:26'),
(26, 1, 'Gordão a 110% Mockup - Desktop e Mobile', 'gordao_mockup-min.png', '2020-06-09 02:30:10', '2020-06-11 01:06:24'),
(27, 1, 'Gordão a 110% - Faxada', 'gordao_faxada.png', '2020-06-11 01:08:25', '2024-07-10 09:07:41');

-- --------------------------------------------------------

--
-- Table structure for table `posts`
--

CREATE TABLE `posts` (
  `id` int(11) NOT NULL,
  `slug` varchar(255) DEFAULT NULL,
  `user_id` int(11) NOT NULL,
  `title` varchar(80) DEFAULT NULL,
  `body` text DEFAULT NULL,
  `img` varchar(255) DEFAULT NULL,
  `created_at` timestamp NULL DEFAULT current_timestamp(),
  `updated_at` timestamp NOT NULL DEFAULT current_timestamp()
) ENGINE=InnoDB DEFAULT CHARSET=utf8mb3 COLLATE=utf8mb3_general_ci;

--
-- Dumping data for table `posts`
--

INSERT INTO `posts` (`id`, `slug`, `user_id`, `title`, `body`, `img`, `created_at`, `updated_at`) VALUES
(1, 'quem-inventou-o-hamburguer', 2, 'Quem inventou o Hamburguer?', '&#60;p&#62;Existem relatos sobre a história do hambúrguer, que ele foi inventado nos Estados Unidos, por imigrantes alemães, que embarcaram no porto da Hamburgo rumo aos Estados Unidos. Note a semelhança com o nome do hambúrguer…&#60;/p&#62;&#60;p&#62;Mas antes de oficializar a invenção do hambúrguer em 1904, também deveríamos levar em conta que antes disso, surgiram seus ingredientes principais que são o pão e a carne moída, ingredientes inventados antes de sua junção.&#60;/p&#62;&#60;p&#62;A invenção da carne moída vem do século XVII, quando tribos nômades da Asia Ocidental, conhecidas com Tártaros, desenvolveram a técnica de moer carne bovina dura e de má qualidade, para torná-la mais digerível.&#60;/p&#62;&#60;p&#62;Quanto ao pão, este foi inventado a mais de 12 mil anos, segundo os historiadores. Neste meio tempo, em algum momento entre o século XVII e o XIX, dentre estes 200 anos, alguém pode ter juntado estes ingredientes, mas não pensou em oficializar a fórmula e a data real de sua descoberta, pode ter ocorrido bem antes de 1904, desta forma, há relatos de um inglês chamado de Jhon Montagu, intitulado como quarto conde na cidade de Sandwich na Inglaterra, apontado como o primeiro inventor do lanche, pois em 1762, ele teria experimentado carne moída, entre duas fatias pão, durante uma de suas partidas de bridge, jogo de cartas popular entre os britânicos, conforme narra o livro Hambúrguer: uma história global, escrito por Andrew F. Smith, professor de história da culinária em Nova York.&#60;/p&#62;&#60;p&#62;Conforme relatos de historiadores, os primeiros a apreciarem o hambúrguer nos Estados Unidos, foram os marinheiros, para mastigarem algo enquanto trabalhavam arduamente.&#60;/p&#62;&#60;p&#62;De acordo com alguns relatos sobre a história do hambúrguer, aparentemente, ele surgiu no final do século XIX, porém foi popularizado através de redes de lanchonetes especializadas no assunto, no início do século XX, nos Estados Unidos.&#60;/p&#62;&#60;p&#62;Em 1904, nos Estados Unidos, na feira mundial de Saint Louis, capital de Missouri, foi apresentada oficialmente esta iguaria ao público americano, esta iguaria que trinta anos depois iria se tornar um verdadeiro simbolo do país: o hambúrguer.&#60;/p&#62;&#60;p&#62;ONDE FOI INVENTADO HAMBÚRGUER? Por ter sido apresentado oficialmente na feira mundial de Saint Louis nos Estados Unidos, mesmo que trazido por imigrantes alemães de Hamburgo na Alemanha, quem levou a fama da invenção e todos os créditos, foram os americanos.&#60;/p&#62;&#60;p&#62;Foi também nos Estados Unidos, em 1921, que surgiu a primeira franquia de lanchonetes com o nome de White Castle, para comercializar hambúrgueres cozidos a vapor e cebola, por apenas 5 centavos de dólar.&#60;/p&#62;&#60;p&#62;Assim por ter um valor bem acessível, logo o hambúrguer se tornou ainda mais popular. As primeiras lanchonetes eram pequenas e com até 2 funcionários que faziam de tudo, entre preparar o hambúrguer e registrar as vendas, porém, 10 anos depois, isso mudou de tal forma que foram criados os drive-ins com grandes estacionamentos, para dar conta dos motoristas famintos, geralmente acompanhados de suas famílias.&#60;/p&#62;&#60;p&#62;POR QUE O HAMBÚRGUER FOI INVENTADO? Conforme narra a história do hambúrguer, ele foi criado para suprir uma necessidade da época, onde as pessoas estavam como menos tempo livre para preparar seus alimentos, devido ao grande avanço da industrialização nos Estados Unidos e uma grande demanda de trabalho, com isso os cidadãos americanos tinham muito trabalho e menos tempo para preparar suas refeições, por este motivo houve a necessidade de criar um tipo de comida rápida e fácil de preparar, hoje popularmente conhecida como fast food.&#60;/p&#62;&#60;p&#62;Então foi criado o hambúrguer, que na época continha apenas pão e carne moída. Esta invenção deu tão certo, que ela continua presente na vida da maioria das pessoas que costumam comer em lanchonetes de fast food nos dias atuais.&#60;/p&#62;&#60;p&#62;&#60;strong&#62;Fonte&#60;/strong&#62;: http://www.engenhariadohamburguer.com.br/a-historia-do-hamburguer/&#60;/p&#62;', 'hamburguer.jpg', '2020-05-18 19:28:06', '2024-07-16 07:45:12'),
(2, 'a-evolucao-do-hamburguer', 2, 'A evolução do Hamburguer', '&#60;p&#62;Com a revolução industrial no início do século XX, houve uma demanda e popularização de comidas rápidas para trabalhadores das grandes cidades.&#60;/p&#62;&#60;p&#62;Pessoas com jornadas de trabalho cada vez mais extensas, comer um sanduíche passou a ser a opção mais prática, apesar de pouco nutritiva. Mas a idéia de colocar outros recheios no pão é bem mais antiga.&#60;/p&#62;&#60;p&#62;Vem de antes de Cristo, desde os rituais de Pessach, a páscoa judaica, onde ja se fazia uma mistura de pão com alguns tipos de embutidos. Em inúmeras culturas, ja se comia pão misturado com alguma coisa; o próprio formato e a proposta da criação do pão, favorece isto.&#60;/p&#62;&#60;p&#62;Sendo assim, com o passar dos anos, após a popularização do hambúrguer, a variedade de sanduíches e seus recheios aumentou com o surgimento das grandes redes mundiais de fast food.&#60;/p&#62;&#60;p&#62;A partir da fórmula básica de carne moída e pão, surgiram variações e o sanduíche ganhou apelidos diferentes, de acordo com o recheio introduzido nele.&#60;/p&#62;&#60;p&#62;Com o passar dos anos, a rede White Castle que comercializava hambúrgueres cozidos a vapor e cebola, por apenas 5 centavos de dólar, inspirou outros investidores a abrirem outras franquias de fast food, como lanchonetes e drive-ins.&#60;/p&#62;&#60;p&#62;Já no Brasil, este iguaria chegou décadas mais tarde de sua descoberta, em 1952 no Rio de Janeiro, através do tenista americano Robert Falkenburg, foi fundada a primeira lanchonete de fast food no Brasil, que utilizava os mesmos moldes norte americanos.&#60;/p&#62;&#60;p&#62;Com a concorrência cada vez maior, também aumentaram a variedade de recheios que poderiam acompanhara o pão com hambúrguer, foram incluídos posteriormente, alface, tomate, picles, mostarda, catchup, bacon e uma infinidade de outros ingredientes para satisfazer o gosto da clientela que está cada vez mais exigente.&#60;/p&#62;', '2754076.jpg', '2020-05-18 19:41:55', '2024-07-16 07:42:29'),
(3, 'a-origem-das-batatas-fritas', 2, 'A Origem das Batatas Fritas', '&#60;p&#62;Os registos históricos não indicam claramente quem inventou a batata frita. Mas existem vários candidatos. Vejamos alguns dos países que alegam terem estado envolvidos na criação deste “petisco”. De acordo com Jo Gerard, um historiador belga, as primeiras indicações sobre a possível existência das batatas fritas levam-nos à década de 1680.&#60;/p&#62;&#60;p&#62;Aparentemente, segundo Gerard, os habitantes pobres da Bélgica tinham frequentemente peixe frito, de pequenas dimensões, nas suas refeições. Mas quando o rio congelou e a maioria das famílias não conseguia pescar, passaram a usar batatas fritas em óleo nas suas refeições. Essas batatas eram cortadas longitudinalmente e para darem um aspecto parecido com os pequenos peixes.&#60;/p&#62;&#60;p&#62;Ainda em relação à Bélgica, existe também uma lenda que refere que alguns soldados americanos, ou britânicos, teriam ido à Bélgica durante a Primeira Guerra Mundial só para provaram as batatas fritas belgas. Terá derivado desta visita o actual hábito anglo-saxónico de chamar “French Fries” às batatas fritas, tudo devido ao facto da língua oficial do exército da Bélgica ser o francês.&#60;/p&#62;&#60;p&#62;Nome dado pelos Anglo-Saxões às batatas fritas Existe porém outro país com a mesma língua, candidato a criador das batatas fritas: a França. Se este país inventou este prato, ninguém tem a certeza, mas existe um livro publicado em 1755 com várias receitas com batatas fritas.&#60;/p&#62;&#60;p&#62;Esse livro era o “Les soupers de la cour” de Menon. Estas batatas fritas eram simplesmente referidas como “pommes frites” ou “frites”. Finalmente temos os espanhóis que acham que devem ser reconhecidos como os inventores das batatas fritas.&#60;/p&#62;&#60;p&#62;Na história das colónias do Novo Mundo, a Espanha era tida como o primeiro país europeu onde se comiam batatas fritas e era um costume serem usadas como acompanhamento de pratos de peixe.&#60;/p&#62;&#60;p&#62;Este costume começou na Galiza e mais tarde espalhou-se pela Espanha, Países Baixos espanhóis acabando por chegar à Bélgica passado um século. E a que conclusão se chega? Bem, a verdade é que não parece ser possível afirmar quem inventou as batatas fritas e contribuiu para sua popularidade inicial.&#60;/p&#62;&#60;p&#62;Talvez a melhor opção, seguramente a mais diplomática, seja dar esse crédito a todos os países que pretendem ser os seus criadores originais, porque terá sido de certeza devido a todas as suas contribuições que podemos agora apreciar este prato delicioso.&#60;/p&#62;&#60;p&#62;&#60;strong&#62;Fonte&#60;/strong&#62;: https://origemdascoisas.com/a-origem-das-batatas-fritas/&#60;/p&#62;', 'frenchFries.jpg', '2020-05-18 19:51:49', '2024-07-16 07:42:19'),
(4, 'como-surgiram-os-refrigerantes', 5, 'Como surgiram os refrigerantes?', '&#60;p&#62;A inspiração veio das águas minerais naturalmente gasosas. No século IV a.C., o grego Hipócrates, considerado o pai da medicina, já recomendava banhos em fontes desse tipo, mas, ao que parece, nunca lhe ocorreu receitar o líquido para beber.&#60;/p&#62;&#60;p&#62;A água carbonatada só começou a se tornar uma bebida popular por volta de 1500, quando o povoado belga de Spa ganhou fama por suas fontes naturais e passou a exportar garrafas de sua água para Londres e outras capitais.&#60;/p&#62;&#60;p&#62;O sucesso foi tanto que, entre os séculos XVII e XVIII, vários químicos europeus passaram a fazer tentativas de recriar o produto artificialmente. O passo mais importante foi adotar uma bomba para ajudar a fixar o gás na água, descoberta creditada a estudos independentes do inglês Joseph Priestley e do francês Antoine Lavoisier, entre 1772 e 1773.&#60;/p&#62;&#60;p&#62;Baseado nesse sistema, o farmacêutico Thomas Henry tornou-se o primeiro a produzir água carbonatada industrialmente, em 1782. Algumas décadas depois, surgiu a idéia de acrescentar sabores ao produto: o gengibre teria sido o primeiro, em cerca de 1820, seguido do limão, na década de 1830.&#60;/p&#62;&#60;p&#62;Esse processo ficou mais fácil com uma nova tecnologia, patenteada em 1819 nos Estados Unidos: a soda fountain (ou “fonte de soda”, como passou a ser chamada a água gasosa), uma bomba instalada nos balcões das farmácias para o líquido ser gaseificado na hora, acrescentando diferentes sabores a gosto do freguês. Os primeiros refrigerantes da história continuavam, portanto, sendo comercializados como produtos medicinais – e foi também um farmacêutico, o americano John Pemberton, quem criou o mais famoso deles, a Coca-Cola, em 1886.&#60;/p&#62;&#60;p&#62;No início do século XX, as soda fountains começaram a migrar para lanchonetes e sorveterias – mas seus dias estavam contados com o surgimento de novas tecnologias que possibilitavam produzir garrafas de vidro em escala industrial e a tampinha em forma de coroa, que impedia o gás de escapar.&#60;/p&#62;&#60;p&#62;Só assim as pessoas podiam, finalmente, levar para casa suas sodas favoritas. Água, gás e xarope de fruta Bebida de elite ganhou popularidade nos balcões de farmácia 1772-1773 – BOMBA DE VANGUARDA Enaltecida por suas propriedades refrescantes e antiácidas, a água mineral gasosa se torna sucesso entre a elite européia. Isso leva alguns dos mais renomados químicos do continente a pesquisar maneiras de gaseificar água artificialmente.&#60;/p&#62;&#60;p&#62;A descoberta de que uma bomba ajuda a fixar o gás carbônico no líquido, realizada por Joseph Priestley e Antoine Lavoisier, abre o caminho 1782 – BOTICÁRIO PIONEIRO Na cidade de Manchester, o farmacêutico inglês Thomas Henry coloca em prática as idéias de Priestley e torna-se o primeiro a produzir e comercializar água artificialmente carbonatada 1794 – DINASTIA TÔNICA Em Genebra, outro estudioso das técnicas elaboradas por Priestley e Lavoisier, o joalheiro suíço Jacob Schweppe, começa a vender sua água com altos teores de gás carbônico, que se torna a marca mais apreciada do mercado europeu.&#60;/p&#62;&#60;p&#62;Assim é inaugurada a dinastia que até hoje fabrica uma das águas tônicas mais populares do mundo, a Schweppes 1819 – É SODA! Os Estados Unidos assumem a vanguarda na tecnologia de gaseificação de bebidas com a soda fountain (“fonte de soda”), patenteada por Samuel Fahnestock.&#60;/p&#62;&#60;p&#62;O aparelho é uma adaptação da bomba já consagrada, instalada em balcões de farmácia para produzir a bebida na hora, direto para o copo do freguês.&#60;/p&#62;&#60;p&#62;Nasce a soda water americana, também chamada de club soda ou soda pop, a mãe do refrigerante moderno, que logo começa a ganhar seus primeiros sabores: gengibre e limão 1838 – TUTTI FRUTTI No estado americano da Filadélfia, o imigrante francês Eugéne Roussel descobre que a melhor maneira de dar sabor de fruta à água gasosa é em forma de xaropes.&#60;/p&#62;&#60;p&#62;Quatro anos depois, vários colegas seus se mudam para Nova York, para abrir engarrafadoras de soda pop e, a partir de 1850, começam a surgir novos sabores: baunilha, morango, framboesa 1886 – ENERGÉTICO BILIARDÁRIO Na cidade de Atlanta, o farmacêutico John Pemberton cria uma soda especial, concebida como tônico revigorante, a partir da combinação de cocaína e noz de cola (planta africana com alta concentração de cafeína).&#60;/p&#62;&#60;p&#62;A Coca-Cola se tornaria o refrigerante mais vendido do planeta – mas só depois de retirar, em 1903, a cocaína de sua fórmula original 1921 – COISA NOSSA O Brasil entra gloriosamente na indústria de refrigerantes com o Guaraná Champagne Antarctica, produzido a partir do extrato da fruta amazônica – rica em cafeína, como a noz de cola africana.&#60;/p&#62;&#60;p&#62;A bebida se tornou tão popular que até a Coca-Cola teve de lançar uma marca de guaraná 1952 – APERTEM OS CINTOS Batizado de No-Cal Beverage, o primeiro refrigerante dietético é lançado nos Estados Unidos 1957 – TROCA DE EMBALAGEM O vasilhame de vidro sofre seu primeiro abalo com a entrada em cena da latinha de alumínio. O golpe decisivo viria na década de 70, com as garrafas de plástico, principalmente as de PET (polietileno tereftalato) – um material inquebrável, levíssimo e reciclável 2001 – DOMÍNIO GLOBAL&#60;/p&#62;&#60;p&#62;A indústria de refrigerantes fecha o ano com um total de vendas de 61 bilhões de dólares. Cerca de 28% dessa quantia vem da bebida mais vendida de todas, a Coca-Cola.&#60;/p&#62;&#60;p&#62;Em segundo lugar, com 10%, vem sua arqui-rival Pepsi-Cola. Texto retirado de&#60;/p&#62;&#60;p&#62;&#60;strong&#62;Fonte:&#60;/strong&#62; https://super.abril.com.br/mundo-estranho/como-surgiram-os-refrigerantes/&#60;/p&#62;', 'refrigerantes.jpg', '2020-05-18 20:09:31', '2024-07-16 07:42:14'),
(5, 'origem-da-pizza', 8, 'Origem da Pizza', '&#60;p&#62;Contrariamente ao que a maioria das pessoas pensam, a pizza não teve a sua origem 100% em Itália. Os antigos egípcios desenvolveram e aperfeiçoaram uma massa que resultava da mistura de farinha e água e cuja receita foi percorrendo diversas civilizações ao longo da história, pelo que se supõe que serviu de base para a nossa atual massa de pizza.&#60;/p&#62;&#60;p&#62;Os gregos, por exemplo, usaram a receita egípcia, juntaram-lhe arroz e assavam o preparado resultante sobre tijolos quentes. Já os fenícios optaram por adicionar à massa egípcia outros alimentos, como cebolas e carnes. Naturalmente que esta receita acabou por chegar também a Itália, país onde foram dados, sem dúvida, os maiores e mais importantes contributos para este famoso pitéu culinário.&#60;/p&#62;&#60;p&#62;Durante a Idade Média, os turcos muçulmanos passaram a adotar o costume alimentar dos fenícios e em resultado da expansão das cruzadas a receita desta “pizza dos fenícios” chegou à Itália através do porto de Nápoles.&#60;/p&#62;&#60;p&#62;No início as pizzas napolitanas apenas tinham adicionadas algumas ervas e azeite por forma a serem baratas, pois o seu destino principal eram os italianos mais pobres, sendo o alimento mais utilizado com o objectivo de acabar com a fome do povo. Como curiosidade, refira-se que por esta altura a pizza era comida como se fosse uma sanduíche.&#60;/p&#62;&#60;p&#62;E foi em Nápoles, a cidade considerada atualmente como a terra natal da pizza, que surgiu a primeira pizza redonda. Nessa época já eram também adicionados tomate, toucinho, peixes fritos e queijo, sempre muito queijo. A fama desta iguaria espalhou-se rapidamente, o que resultou no aparecimento da primeira pizzaria da história: a Antica Pizzeria Port’Alba, fundada em 1830, que passou a ser ponto de encontro de vários artistas da época, como Alexandre Dumas.&#60;/p&#62;&#60;p&#62;A primeira pizzaria do planeta Foi também em Nápoles que nasceu a famosa pizza Margherita, quando em 1889 dom Raffaele Espósito, um padeiro ao serviço do rei Umberto I e da rainha Margherita, decidiu homenagear a rainha com a confecção de uma pizza a imitar as cores da bandeira italiana, branco, vermelho e verde, utilizando para isso queijo mozzarela, tomate e manjericão, produtos que lhe permitiam obter as colorações desejadas.&#60;/p&#62;&#60;p&#62;A rainha apreciou tanto este prato que dom Raffaele decidiu baptizá-la de Margherita. Por esta razão a pizza deixou de ser considerada somente “comida dos pobres” passando a ser mais universal. Atualmente, só na Itália existem cerca de 30 mil pizzarias que produzem, por ano, o equivalente a 45 pizzas por cada italiano.&#60;/p&#62;&#60;p&#62;&#60;strong&#62;Fonte&#60;/strong&#62;: https://origemdascoisas.com/a-origem-da-pizza/&#60;/p&#62;', 'origemPizza.jpg', '2020-05-18 20:37:21', '2024-07-16 07:42:10'),
(6, 'o-tomate-e-o-ketchup', 8, 'O tomate e o ketchup', '&#60;p&#62;O ketchup é feito com concentrado de tomate, mas não de qualquer tipo: nas fábricas, é utilizado o “tomate industrial”. Nunca ouviu falar nele?&#60;/p&#62;&#60;p&#62;A aparência é a mesma do fruto convencional com uma pequena diferença no tamanho, que é menor. A diferença está no seu interior. As pesquisas para criar variações de tomate existem desde os anos 1930.&#60;/p&#62;&#60;p&#62;Os tomates industriais são mais viscosos que os normais – quanto menos água eles tiverem, melhor para as fábricas de concentrado, que vão gastar menos energia para transformá-los. Além disso, seu crescimento é controlado e os pés, mais baixos, para facilitar a colheita. Outra diferença importante: ele é mais rígido que um tomate normal.&#60;/p&#62;&#60;p&#62;“O industrial tem que aguentar os impactos da colheitadeira e do empilhamento para transporte”, explica Leonardo Boiteux, líder do programa de melhoramento genético de tomateiro da Embrapa. Em resumo: você até pode colocá-lo na salada, mas não vai ser a mesma coisa.&#60;/p&#62;&#60;p&#62;Hoje, quem mais exporta tomate é a China – num curioso retorno do kê-tsiap ao Sudeste Asiático. Ela planta tomates industriais para produzir 991 mil toneladas de concentrado – 32% do comércio mundial. O país asiático só não é o maior produtor porque a Califórnia, primeiro lugar nesse quesito, destina boa parte dos seus tomates para abastecer o (imenso) mercado interno dos EUA.&#60;/p&#62;&#60;p&#62;As plantações se concentram na região oeste da China, bem menos desenvolvida que o leste, onde ficam as maiores cidades. Sob péssimas condições de trabalho, milhões de camponeses colhem diariamente toneladas de tomate industrial, que são transformados em concentrado no próprio país e enviados para o resto do mundo.&#60;/p&#62;&#60;p&#62;O mercado de extrato de tomates é peculiar. Na Itália, uma brecha na legislação permite que o concentrado chinês entre no país e vá para as fábricas de molhos enlatados, onde os produtos serão exportados apenas com um “feito na Itália” na embalagem, sem informar a verdadeira origem do produto-base. Por lá, as maracutaias no setor agroalimentar são tantas que se criou um termo para quem ganha dinheiro com isso: agromáfia.&#60;/p&#62;&#60;p&#62;O ketchup passou de um molho de peixe fermentado para um condimento presente em quase todas as cozinhas, sendo usado tanto puro como incremento para outras receitas – no Brasil, virou item básico para o estrogonofe, que não leva o derivado de tomate na receita original.&#60;/p&#62;&#60;p&#62;Mesmo quem o coloca na pizza (alô, Rio) não está sozinho: isso é costume em alguns países, caso da Polônia e do Líbano. “Como historiador da comida, eu o vejo como um produto verdadeiramente global, com suas origens moldadas por séculos de comércio”, escreve Ken Albala, da Universidade do Pacífico, em um artigo sobre o tema.&#60;/p&#62;&#60;p&#62;“Diferentes culturas adotaram uma ampla variedade de usos surpreendentes para o condimento que hoje conhecemos como ketchup.” Parece não haver limites mesmo: no Canadá há uma receita típica, o Great Canadian Ketchup Cake – sim, um bolo de ketchup. Faz sentido? Talvez: o bom senso e o prazer, afinal, nem sempre andam juntos.&#60;/p&#62;&#60;p&#62;&#60;strong&#62;Fonte&#60;/strong&#62;: https://super.abril.com.br/especiais/a-jornada-do-ketchup/&#60;/p&#62;', 'tomateKetchup.jpg', '2020-05-18 20:57:23', '2024-07-16 07:42:06'),
(7, 'como-entreter-crianca-no-restaurante', 4, 'Como entreter criança no restaurante?', '&#60;p&#62;Para muitos pais (especialmente com filhos pequenos) aceitar um convite para almoçar ou jantar fora pode ser um momento de grande agonia.&#60;/p&#62;&#60;p&#62;Ainda mais se o local não oferecer um espaço kids com monitor. Como distrair as crianças por horas a fio? É a pergunta que logo vem à cabeça.&#60;/p&#62;&#60;p&#62;A boa noticia é que você não precisa recusar os convites e muito menos precisa frequentar apenas espaços que ofereçam uma programação infantil.&#60;/p&#62;&#60;p&#62;Seu restaurante preferido também está liberado, desde que você use a sua criatividade. Sempre incluí meu filho em todos os eventos sociais (de trabalho ou de família) mesmo sem espaços kids.&#60;/p&#62;&#60;p&#62;E isso me mostra que é possível sim entreter uma criança na mesa de um restaurante sem mantê-la alienada em celulares ou tablets.&#60;/p&#62;&#60;p&#62;Me entristece muito quando, ao chegar em um restaurante que não tem serviço de monitoria infantil, observo famílias que entregam seus filhos a esses equipamentos eletrônicos.&#60;/p&#62;&#60;p&#62;Obviamente, que o tempo de concentração de uma criança é curto e quando o nosso repertório acaba, colocar um tablet na mão de uma criança resolve o problema e facilita a vida da família que deseja almoçar em paz.&#60;/p&#62;&#60;p&#62;E não há problemas em oferecer brinquedos eletrônicos. Eles estão ai para serem usados e aproveitados da melhor maneira possível.&#60;/p&#62;&#60;p&#62;Mas como eu sempre digo, eles não podem ser a única fonte de diversão dos pequenos. E vamos combinar que deixar uma criança por horas seguidas em frente ao tablet não é a melhor maneira de usar a tecnologia a seu favor. E você acha justo com a criança?&#60;/p&#62;&#60;p&#62;Mantê-la inerte enquanto você se diverte? Se é diversão sem crianças o que você procura, melhor então deixá-las com a avó, com a tia, a vizinha. Mas se não tem com quem deixar, além do filho, saia de casa com paciência e boa vontade. E lembre-se que existe sim alegria sem bateria e que é possível almoçar bem, mesmo com as crianças ao lado.&#60;/p&#62;&#60;p&#62;Comportamentos como saber esperar e ter paciência também são ensinados nestes momentos, mas é importante respeitar o tempo das crianças. Ao perceber que a criança já está cansada, a melhor opção é encerrar o programa e voltar para casa.&#60;/p&#62;&#60;p&#62;Mas antes disso, veja aqui algumas alternativas para distrair as crianças nesses momentos: Para começar, você pode separar alguns brinquedos que a criança goste para levar para o restaurante.&#60;/p&#62;&#60;p&#62;Priorize aqueles menores, que sejam fáceis de carregar, manusear em cima da mesa e de brincar sentado. Exemplos: carrinhos, blocos de construção, brinquedos de encaixar, bichinhos de plástico.&#60;/p&#62;&#60;p&#62;A dica é fazer estradinhas com canudos ou palitos de dentes e montar cenários com esses brinquedos. Dessa forma você garante um bom tempo de distração.&#60;/p&#62;&#60;p&#62;Fazer barquinhos ou aviões de papel com guardanapo também pode ser bem divertido. Solte a imaginação. Brincar com pedacinhos de massinha de pizza também rende um bom tempo de distração na mesa. Muitas pizzarias oferecem esse “brinquedo” para as crianças.&#60;/p&#62;&#60;p&#62;É só pedir um pedacinho para o garçom e garantir a diversão dos pequenos. Façam bolinhas, cobrinhas, piquem a massa. Mais uma vez, quem manda aqui é a criatividade. Cardápios também costumam ser boas opções de diversão.&#60;/p&#62;&#60;p&#62;Eles podem contar histórias inventadas ou simplesmente servir para nomear as coisas e ampliar o vocabulário das crianças. Brincar de “cadê, achou” com o guardanapo ou com pedacinhos de palito.&#60;/p&#62;&#60;p&#62;Qual criança não se diverte em ter que descobrir em qual das mãos o objeto está escondido? Por fim (e não menos importante) existem muitos livros interativos no mercado que são perfeitos para esses momentos. Mas um dos meus preferidos é o “Apenas um é diferente”, da Brinque Book.&#60;/p&#62;&#60;p&#62;É daqueles livros companheirões, sabe? Pra todas as ocasiões! A cada página um animal com dicas rimadas aparece para descobrir qual o diferente. A distração (e a diversão em família) estará garantida por um bom tempo. Outras boas opções são os livros “quebra-cabeças” ou de colorir.&#60;/p&#62;&#60;p&#62;&#60;strong&#62;Fonte&#60;/strong&#62;: https://www.papodaprofessoradenise.com.br/como-entreter-as-criancas-na-mesa-do-restaurante/&#60;/p&#62;', 'amigosComendo.jpg', '2020-05-18 21:13:23', '2024-07-16 07:42:03'),
(8, 'a-maior-pizza-do-mundo', 8, 'A maior pizza do mundo', '&#60;p&#62;O Guinness Book deu aos italianos, de Roma, o título de Maior Pizza Redonda do Mundo. O recorde para a maior pizza, batizada de Ottavia, do mundo – que também passou a ser uma pizza sem glúten – foi quebrado quando uma equipe de cinco chefs italianos colaborou para assar uma pizza de 40 metros.&#60;/p&#62;&#60;p&#62;A equipe foi chefiada por Dovilio Nardi , cujos esforços anteriores envolveram a formação de uma cadeia de pizza italiana que servia para clientes com doença celíaca. O evento foi organizado pelo Dr. Schar, uma empresa que produz alimentos sem glúten.&#60;/p&#62;&#60;p&#62;A pizza continha: 8.981 kg de farinha; 4.536kg de molho de tomate; 3.991kg de queijo mozzarella; 674kg de margarina; 249kg de sal; 99kg de alface; 24 litros de vinagre. Pesava mais de 23 toneladas. O processo de assar a pizza foi tão árduo quanto parece.&#60;/p&#62;&#60;p&#62;Os cinco chefs levaram mais de 48 horas cozendo a massa em mais de 5.000 pedaços. Seus esforços valeram a pena quando quebraram o recorde anterior , definido em 1990 por um supermercado na África do Sul.&#60;/p&#62;&#60;p&#62;A pizza dos ex-detentores tinha, pouco mais de, 37 metros. A pizza atualmente recordista foi nomeada Ottavia, uma homenagem ao primeiro imperador romano Octavian Augustus.&#60;/p&#62;&#60;p&#62;&#60;strong&#62;Fonte&#60;/strong&#62;: http://reemaq.com.br/maior-pizza-do-mundo/&#60;/p&#62;', 'maior-pizza-1080x675.jpg', '2020-05-18 21:24:54', '2024-07-16 07:41:58'),
(9, 'homem-devora-32-big-macs-e-bate-recorde-mundial', 5, 'Homem devora 32 Big Macs e bate recorde mundial', '&#60;p&#62;Joey Chestnut, famoso pelas competições de comida nos Estados Unidos, não vai ficar com fome por um bom tempo. O comilão postou um vídeo hoje no &#60;span style=&#34;color: #e03e2d;&#34;&#62;YouTube&#60;/span&#62; provando que bateu o recorde mundial ao devorar 32 Big Macs em apenas 38 minutos — a marca anterior era de 30 sanduíches....&#60;/p&#62;&#60;p&#62;Os lanches eram completos, como mostrou Chestnut no vídeo, e juntos contam com mais de 18 mil calorias. Chestnut não é apenas &#34;fã&#34; de McDonalds.&#60;/p&#62;&#60;p&#62;Em 2018, ele comeu 74 cachorros quente em uma competição....&#60;/p&#62;&#60;p&#62;&#60;strong&#62;Fonte&#60;/strong&#62;: https://noticias.uol.com.br/internacional/ultimas-noticias/2020/03/05/comilao-devora-32-big-macs-em-38-minutos-e-bate-recorde-mundial-veja.htm&#60;/p&#62;', 'joeyChestnut.jpg', '2020-05-18 21:33:48', '2024-07-16 07:41:45'),
(10, 'catchup-mostarda-ou-maionese', 4, 'Catchup, mostarda ou maionese?', '&#60;p&#62;Os três molhos mais comuns das lanchonetes são colocados frente a frente em uma batalha nutricional - Por Thaís Manarini. Molho ketchup mostarda e maionese Essas gostosuras caem muito bem em sanduíches. Mas a saúde pede moderação. (Foto: Bit245/SAÚDE é Vital)&#60;/p&#62;&#60;p&#62;A trinca &#60;span style=&#34;color: #f1c40f;&#34;&#62;mostarda&#60;/span&#62;, &#60;span style=&#34;color: #ba372a;&#34;&#62;catchup&#60;/span&#62; e &#60;span style=&#34;color: #2dc26b;&#34;&#62;maionese&#60;/span&#62; geralmente surge à mesa quando a pedida é hambúrguer, hot dog ou batata frita. Já parou pra pensar o que aconteceria se o critério para a escolha não dependesse do sabor, mas das características nutricionais?&#60;/p&#62;&#60;p&#62;Pois a gente conta: o molho do lanche seria a mostarda. “Apesar de ter mais gorduras totais do que o catchup, ela apresenta menos calorias e carboidratos, além de mais fibras e proteínas”, analisa a nutricionista Ana Paola Monegaglia, de São Paulo. Ou seja, seu balanço se mostra mais favorável. Repare que a maionese abunda em gorduras.&#60;/p&#62;&#60;p&#62;Ainda que os tipos predominantes sejam mono e poli-insaturados, considerados mais saudáveis, o valor calórico dela vai lá pra cima. “Portanto, é bom controlar o consumo”, orienta Ana. Aliás, o recado vale para os três molhos, já que todos são cheios de sódio, mineral cujo abuso faz a pressão decolar.&#60;/p&#62;&#60;p&#62;Sem falar nos conservantes e aromatizantes. “Use esses produtos em ocasiões pontuais”, reforça Ana.&#60;/p&#62;&#60;p&#62;&#60;strong&#62;Fonte&#60;/strong&#62;: https://saude.abril.com.br/alimentacao/catchup-mostarda-ou-maionese-qual-e-mais-nutritivo/&#60;/p&#62;', 'mostardaKetchupMaionese.jpg', '2020-05-18 21:46:28', '2024-07-16 07:41:40'),
(11, 'o-sorvete', 7, 'O Sorvete', '&#60;p&#62;Nos climas quente e úmidos é natural desenvolver-se o gosto por bebidas frescas e por alimentos frios como o sorvete. Seja num cone ou num copo, o sorvete é absolutamente agradável a qualquer hora do dia e em qualquer ocasião.&#60;/p&#62;&#60;p&#62;Apesar da origem exata do sorvete não ser possível de determinar, existem registos históricos que nos dão uma visão do seu aparecimento. Segundo a história, já no século I o imperador romano Nero comia uma mistura de sorvete doce que era feito com a neve e o gelo transportado das montanhas para Roma.&#60;/p&#62;&#60;p&#62;O gelo era misturado com coberturas de frutas tendo-se tornado numa sobremesa favorita das elites daqueles tempos. Mais tarde, entre 618 e 697, o imperador chinês King Tang usava um método semelhante mas misturava leite com o gelo, ficando assim uma espécie de sorvete parecido com os atuais.&#60;/p&#62;&#60;p&#62;Este hábito de misturar gelo com as sobremesas foi trazido para a Europa pelo explorador veneziano Marco Polo, quando voltou da sua famosa viagem ao Oriente com uma receita para fazer sorvetes de água.&#60;/p&#62;&#60;p&#62;Surgiram assim novas receitas de misturas geladas com leite e outros ingredientes aromáticos que eram servidos principalmente nas cortes reais francesa e italiana. No século 17, quando o monarca Francisco I esteve em campanha na Itália, decidiu levar para seu filho, o Duque de Orleans, uma noiva, Catarina de Médicis.&#60;/p&#62;&#60;p&#62;A ela atribui-se a introdução do sorvete em França. Neste mesmo país, em 1660, Procopio Coltelli inaugurou, em Paris, a primeira sorveteria do mundo. A neta de Catarina de Médicis casou-se em 1630 com Carlos I da Inglaterra e, segundo a tradição da avó, também introduziu o sorvete entre os ingleses.&#60;/p&#62;&#60;p&#62;Mais tarde os colonizadores britânicos levaram o sorvete para os Estados Unidos onde este tipo de sobremesa rapidamente ganhou a mesma aceitação que na Europa. Personalidades americanas como Thomas Jefferson, George Washington e outros, serviam-na aos seus convidados.&#60;/p&#62;&#60;p&#62;Em 1776, a cidade de Nova York já tinha o seu próprio salão de sorvetes clássico, tendo-se começado a instituir pela primeira vez o termo “ice cream”, que derivou de “iced cream”. O tradicional sorvete de cone de baunilha Mesmo com todo este sucesso, fabricar sorvete era algo bastante difícil.&#60;/p&#62;&#60;p&#62;Esta dificuldade foi resolvida em 1846, quando a norte-americana Nancy Johnson inventou uma espécie de congelador que funcionava com uma manivela e agitava uma mistura dos ingredientes. Na parte de baixo existia uma mistura de sal e gelo que ajudava ao congelamento. Foi esta a máquina percursora da produção industrial de sorvete.&#60;/p&#62;&#60;p&#62;No seguimento da invenção de Nancy, em 1851 e também nos Estados Unidos, o sorvete viveu um dos momentos mais importantes da sua história. O leiteiro Jacob Fussel abriu a primeira fábrica de sorvetes em Baltimore, começando a produzir em grande escala, acabando por ser copiado por outros empresários de Boston, Washington e Nova York.&#60;/p&#62;&#60;p&#62;O cone do sorvete foi inventado pelo italiano Italo Marcioni, que registou a sua patente em 1903. Por volta do ano de 1922, um produtor de salsichas britânico começou a ficar preocupado com a quebra nas vendas durante os meses quentes do ano, pois não tinha trabalho para ocupar os seus trabalhadores.&#60;/p&#62;&#60;p&#62;Foi quando decidiu produzir gelados embalados e vendê-los a um preço muito acessível. A venda realizava-se nas ruas usando um carrinho de três rodas com a seguinte publicidade: “Stop me and buy one” (pare-me e compre um).&#60;/p&#62;&#60;p&#62;Tinha nascido a venda ambulante de gelados. Quem diria que todas estas variações de diferentes povos e culturas iriam resultar num dos produtos mais consumidos em todo o planeta?&#60;/p&#62;&#60;p&#62;Com a enorme variedade de sabores, cores e formatos que atualmente existem, o sorvete deixou de ser uma iguaria exclusiva do verão e passou a estar presente em nossas casas em qualquer estação do ano.&#60;/p&#62;&#60;p&#62;&#60;strong&#62;Fonte&#60;/strong&#62;: https://origemdascoisas.com/a-origem-do-sorvete/&#60;/p&#62;', 'origemSorvete.jpg', '2020-05-18 22:00:36', '2024-07-16 07:41:37'),
(12, 'quem-inventou-a-coxinha', 3, 'Quem inventou a Coxinha?', '&#60;p&#62;Quem inventou a Coxinha?&#60;/p&#62;&#60;p&#62;Antes de tudo é importante saber que a origem desse salgado não é tão brasileira assim.&#60;/p&#62;&#60;p&#62;O professor do curso de Gastronomia da Universidade Anhembi Morumbi, Paulo Veríssimo, revela que trata-se de uma receita adaptada da culinária francesa e que as referências ao salgado podem ser encontradas na obra de um famoso chef de cozinha francês, Antonin Carême (1784 – 1833), escrita no ano de 1843, em Paris.&#60;/p&#62;&#60;p&#62;Você deve estar se perguntando: “Como assim francesa?” Pois é, o nosso quitute nasceu da deliciosa coxa-creme, que é francesa! Segundo ele, ainda existem duas lendas que explicam como a coxinha pode ter sido preparada pela primeira vez no Brasil.&#60;/p&#62;&#60;p&#62;A primeira versão Em meados da década de 20, em uma São Paulo que se desenvolvia industrialmente, regiões como a de Santo André abrigaram grandes fábricas e trabalhadores, que precisavam se alimentar gastando pouco. E era comum que eles matassem a fome nas barraquinhas dos vendedores ambulantes, que negociavam pedaços fritos de frango, como coxa, sobrecoxa e peito, nas portas das fábricas na hora do almoço.&#60;/p&#62;&#60;p&#62;“O tempo não preservou o nome da pessoa, mas alguém teve a inusitada ideia de desfiar a carne do frango, envolver numa massa de batata, modelar na forma de uma coxa, fritar em óleo quente e em seguida vender em frente às fábricas.&#60;/p&#62;&#60;p&#62;Nem precisa comentar que foi um enorme sucesso. E assim foi até a década de 1950, tanto aqui em São Paulo, quanto no Paraná. Na década de 1970, em Belo Horizonte, foi incorporado ao salgadinho o recheio de requeijão cremoso, caindo também no gosto popular”, conta Veríssimo.&#60;/p&#62;&#60;p&#62;A outra A cerca de 150 km da capital paulista, na cidade de Limeira, especificamente na Fazenda Morro Azul, no final do século XIX, teria vivido a família real brasileira durante certo período. Segundo a lenda, a princesa Isabel e seu marido, o Conde D’Eu, escondiam da Corte no Rio de Janeiro um filho que tinha deficiência mental.&#60;/p&#62;&#60;p&#62;A história conta que o prato preferido da criança era coxa de galinha e que certa vez a cozinheira da família não tinha quantidades suficientes para servir, “prevendo a gritaria do menino por falta do seu alimento predileto, resolveu transformar uma galinha ‘inteira’ em coxas”, explica Verissimo. O filho da princesa aprovou tanto o novo prato que as “coxinhas de galinha” teriam passado a fazer parte das refeições diárias da família.&#60;/p&#62;&#60;p&#62;Depois disso, teria sido um pulo para que os parentes que viessem visitar a família acabassem levando o quitute à corte carioca e aos salões de nobreza. No entanto, Veríssimo faz uma ressalva: “esta ‘história’, até que romântica, não passa de uma lenda urbana, pois é sabido que tanto a Princesa Isabel quanto seus filhos viveram no Rio de Janeiro até a queda da Monarquia em 1889 e, pelo que se sabe, nenhum deles tinha deficiência mental.&#60;/p&#62;&#60;p&#62;Conclusão Na verdade, não importa como foi. Seja quem for, nós só temos a agradecer por essa criação divina!&#60;/p&#62;&#60;p&#62;&#60;strong&#62;Fonte&#60;/strong&#62;: https://cafedonuts.com.br/index.php/quem-inventou-a-coxinha/&#60;/p&#62;', 'quemInventouCoxinha.jpg', '2020-05-18 22:09:51', '2024-07-16 07:41:33'),
(13, 'a-historia-do-queijo', 7, 'A história do queijo', '&#60;p&#62;O queijo existe há pelo menos seis mil anos e sua origem é uma incógnita. Conta à lenda que o primeiro queijo teria sido obtido acidentalmente por um mercador árabe que, ao sair para cavalgar por uma região montanhosa, sobre o sol escaldante, levou uma bolsa cheia de leite de cabra para matar a sede.&#60;/p&#62;&#60;p&#62;Depois de um dia inteiro de galopes, o árabe, com sede, pegou seu cantil e deparou-se com uma grande surpresa, o leite havia se separado em duas partes: um líquido fino e esbranquiçado, o soro, e uma porção sólida, o queijo.&#60;/p&#62;&#60;p&#62;A transformação se deu em razão do calor do sol, ao galope do cavalo e ao material do cantil, uma bolsa feita de estômago de carneiro que ainda continha o coalho, substância que coagula o leite.&#60;/p&#62;&#60;p&#62;O processo de fabricação do queijo até hoje segue o mesmo princípio, é feito por meio da coagulação do leite pela ação do composto enzimático extraído de um dos estômagos dos bovinos. Assim o queijo foi descoberto.&#60;/p&#62;&#60;p&#62;Ao deixar o leite em um recipiente, observou-se que ele se dividia em duas partes, uma sólida – a coalhada - e uma líquida – o soro. Escorrendo esse último, obtinha-se a matéria-prima que é usada até hoje na fabricação de qualquer tipo de queijo.&#60;/p&#62;&#60;p&#62;O queijo é um produto obtido do leite integral, padronizado, magro ou desnatado, coagulado natural ou artificialmente, adicionado ou não de substâncias permitidas, seguida de uma desidratação da coalhada e submetidas a manipulações necessárias para a formação de suas características próprias, podendo ser de massa fresca ou maturada.&#60;/p&#62;&#60;p&#62;O queijo é tido como um alimento de alto valor nutritivo, pois apresenta alta concentração de proteínas, gorduras, sais minerais e vitaminas. Os diferentes tipos de queijos variam de país para país, de acordo com a qualidade do leite, variação climática e tipo de fabricante. Existem diversas técnicas de produção desse alimento, algumas delas muito sofisticadas, que resultaram na variedade de queijos existentes hoje no mundo.&#60;/p&#62;&#60;p&#62;Só na França existem pelo menos quatrocentos tipos diferentes de queijos e é de lá também o maior consumo per capita deste alimento.&#60;/p&#62;&#60;p&#62;Para se ter uma ideia, cada francês consome anualmente em torno de 22 quilos de queijo. Outros povos que consomem muito queijo são os gregos e os italianos.&#60;/p&#62;&#60;p&#62;&#60;strong&#62;Fonte&#60;/strong&#62;: https://siteantigo.portaleducacao.com.br/conteudo/artigos/veterinaria/a-origem-do-queijo/28512&#60;/p&#62;', 'queijoOrigem.jpg', '2020-05-18 22:25:42', '2024-07-16 07:41:29'),
(14, 'de-onde-vem-o-bacon', 3, 'De onde vem o Bacon?', '&#60;p&#62;Durante a idade média, a palavra bacon (ou bacoun) era usada para descrever o porco como todo. Talvez você já tenha ouvido a expressão “to bring home the bacon” em algum seriado.&#60;/p&#62;&#60;p&#62;Essa frase surgiu lá pelo século XII, e significava trazer a mesma coisa que botar a comida na mesa. Existe, inclusive, uma história que dizia que uma igreja na Inglaterra que prometia dar o tal do bacon para um homem que provasse para igreja que não tinha brigado com a sua esposa durante um ano.&#60;/p&#62;&#60;p&#62;Apesar de associarmos o bacon com Estados Unidos e Inglaterra, aparentemente ele surgiu em outro lugar, mais especificamente no que hoje é a Alemanha (e na época era uma porrada de ducados, principados e afins).&#60;/p&#62;&#60;p&#62;Na Alemanha medieval, existia a palavra bak, que significava um tipo de corte de carne, e não o porco especificamente. Os franceses adotaram essa palavra da Alemanha e provavelmente ela chegou na Inglaterra por intermédio desses, já que a nobreza da Inglaterra desse período era oriunda da França desde a conquista desse país por Guilherme, o conquistador, em 1066.&#60;/p&#62;&#60;p&#62;Foi só no século XVII que o bacon começou a ser sinônimo das costas do porco desidratada com sal e depois defumada, aliás, bacon vem de back, que quer dizer costas em inglês. Essa receita é reclamada como inglesa pela Oxford Company to Food.&#60;/p&#62;&#60;p&#62;Apesar de não ser uma invenção da Inglaterra, o método inglês foi o que foi reproduzido na maioria dos outros países, e é o que ainda hoje usamos. Vocês sabiam que os muçulmanos e os judeus também comem bacon?&#60;/p&#62;&#60;p&#62;Não o que estamos acostumados, mas o tipo de corte e preparação da carne é o mesmo que nós fazemos, só que em outros animais que não o porco, seguindo as regras alimentares deles. Agora que você já sabe um pouco mais sobre uma das maiores invenções gastronômicas da humanidade: o bacon!!!&#60;/p&#62;&#60;p&#62;&#60;strong&#62;Fonte&#60;/strong&#62;: https://frigosuin.wordpress.com/2012/05/17/de-onde-vem-o-bacon/&#60;/p&#62;', 'deOndeVemBacon.jpg', '2020-05-18 22:38:13', '2024-07-16 07:40:58'),
(15, 'doce-ou-salgado', 1, 'Doce ou Salgado?', '&#60;p&#62;Você é o tipo de pessoa que não vive um dia sem doce? Ou, pelo contrário, acha doce enjoativo e adora um salgado? Saiba que isso tem uma explicação que vai além do paladar.&#60;/p&#62;&#60;p&#62;Segundo o psicólogo italiano Fernando Dogana, autor do livro Tipi D’oggi, profili psicologici di ordinaria bizzarria (traduzindo para o português: “Tipos de hoje, perfis psicológicos de ordinária extravagância), a preferência por doce ou salgado revela a personalidade da pessoa.&#60;/p&#62;&#60;p&#62;O psicólogo fez uma pesquisa que contou com a participação de 300 homens e mulheres, de 15 a 50 anos. O método utilizado para análise foi um questionário adaptado que explorava a origem dos gostos, além de vivências e hábitos alimentares.&#60;/p&#62;&#60;p&#62;No estudo foi observado que apreciadores de doces possuem características mais ligadas à criança. “Esse perfil psicológico pode estar preso às orientações infantis, fato que confere maior dificuldade para dar o salto evolutivo em direção à maturidade”, relata Dogana.&#60;/p&#62;&#60;p&#62;Ainda sobre os apreciadores de doce, a pesquisa revelou maior prevalência de códigos tidos como femininos nas condutas. Maior dependência, busca por ambientes acolhedores e protetores, capacidade de compartilhar, tendência à introversão e inserção em relações de conforto recíproco. Os amantes do salgado, segundo a pesquisa, são indivíduos detentores de grande energia.&#60;/p&#62;&#60;p&#62;A tendência é que sejam mais assertivos, dinâmicos, extrovertidos e empreendedores. Parecem ter um comportamento racional/funcional em relação à própria alimentação e o prazer à mesa depende da presença de estímulos fortes.&#60;/p&#62;&#60;p&#62;As pessoas não só escolhem alimentos para suas funções vitais, as emoções também influenciam. Um prato de massa no jantar tem efeito sedativo. Já aquele cafezinho ajuda a combater o desanimo. Qual vai ser o prato de hoje?&#60;/p&#62;&#60;p&#62;&#60;strong&#62;Fonte:&#60;/strong&#62; https://observatorio3setor.org.br/noticias/doce-ou-salgado-escolha-pode-indicar-sua-personalidade/&#60;/p&#62;', 'doceOuSalgado.jpg', '2020-05-18 22:47:36', '2024-07-16 07:12:03'),
(16, 'quem-criou-a-massa', 1, 'Quem criou a Massa?', '&#60;p&#62;A origem da massa ainda &#38;eacute; discut&#38;iacute;vel nos dias atuais, devido ao fato de que a palavra &#38;ldquo;massa&#38;rdquo; corresponde, em termos gerais, a uma mistura de farinha de cereais e &#38;aacute;gua. Contudo, muitos povos preparavam esta mistura como alimento desde a antiguidade, utilizando-se de diversas receitas, formas de preparo e de conserva&#38;ccedil;&#38;atilde;o.&#60;/p&#62;&#13;&#10;&#60;p&#62;A palavra massa refere-se n&#38;atilde;o s&#38;oacute; &#38;agrave; t&#38;iacute;pica macarronada, como tamb&#38;eacute;m a todos os demais pratos que possuem a mesma composi&#38;ccedil;&#38;atilde;o b&#38;aacute;sica do macarr&#38;atilde;o, como a lasanha, nhoque e canelone. Alguns estudos apontam a origem do macarr&#38;atilde;o:&#60;/p&#62;&#13;&#10;&#60;p&#62;&#60;strong&#62;1&#38;deg; corrente&#60;/strong&#62;: O macarr&#38;atilde;o surgiu na China, tendo sido levado para o ocidente, especificamente para a It&#38;aacute;lia, por Marco P&#38;oacute;lo, por volta do ano de 1295.&#60;/p&#62;&#13;&#10;&#60;p&#62;&#60;strong&#62;2&#38;deg; corrente&#60;/strong&#62;: Outra corrente indica que as massas chegaram &#38;agrave; It&#38;aacute;lia pelas m&#38;atilde;os dos &#38;aacute;rabes que estiveram na regi&#38;atilde;o da Sic&#38;iacute;lia durante a Idade M&#38;eacute;dia.&#60;/p&#62;&#13;&#10;&#60;p&#62;&#60;strong&#62;3&#38;deg; corrente&#60;/strong&#62;: Essa corrente indica que esta n&#38;atilde;o foi a primeira vez que a It&#38;aacute;lia tomou conhecimento da massa, pois se descobriu que em 1279, em G&#38;ecirc;nova, no invent&#38;aacute;rio de Ponzio Bastone, existiam massas denominadas de &#38;ldquo;Maccherone&#38;rdquo; sendo, pela descri&#38;ccedil;&#38;atilde;o, o prato que melhor se parece com a nossa massa atualmente consumida.&#60;/p&#62;&#13;&#10;&#60;p&#62;A vers&#38;atilde;o hist&#38;oacute;rica que indica que a massa possui origem &#38;aacute;rabe &#38;eacute; a mais aceita, fundamentada no fato hist&#38;oacute;rico de que os &#38;aacute;rabes introduziram a massa na cultura italiana em meados do S&#38;eacute;culo IX, com sua passagem pela Sic&#38;iacute;lia.&#60;/p&#62;&#13;&#10;&#60;p&#62;Os chineses conheciam as massas h&#38;aacute; muito tempo, existindo refer&#38;ecirc;ncias ao prato desde o primeiro s&#38;eacute;culo depois de Cristo. Na It&#38;aacute;lia, por sua vez, a primeira cita&#38;ccedil;&#38;atilde;o sobre uma massa surgiu em uma poesia de Jacopone di Todi, no s&#38;eacute;culo XIII que se referia especificamente &#38;agrave; lasanha. A It&#38;aacute;lia &#38;eacute; a maior refer&#38;ecirc;ncia em termos de preparo e de consumo de massas no mundo.&#60;/p&#62;&#13;&#10;&#60;p&#62;A divulga&#38;ccedil;&#38;atilde;o deste prato foi feita atrav&#38;eacute;s dos italianos ou dos milhares de turistas que visitam o pa&#38;iacute;s diariamente. No Brasil, a massa foi incorporada ao card&#38;aacute;pio justamente com a chegada dos imigrantes italianos ao nosso pa&#38;iacute;s.&#60;/p&#62;&#13;&#10;&#60;p&#62;Desde ent&#38;atilde;o, por sua facilidade de preparo, a massa se popularizou e hoje est&#38;aacute; presente no mundo inteiro e nas mesas de todos os brasileiros que a apreciam.&#60;/p&#62;&#13;&#10;&#60;p&#62;&#60;strong&#62;Fonte: &#60;/strong&#62;siteantigo.portaleducacao.com.br&#60;/p&#62;', 'aMassa.jpg', '2020-05-18 23:05:31', '2025-03-30 00:59:44');
INSERT INTO `posts` (`id`, `slug`, `user_id`, `title`, `body`, `img`, `created_at`, `updated_at`) VALUES
(17, 'como-e-feito-o-hamburguer', 1, 'Como é feito o hamburguer', '&#60;p&#62;O hambúrguer comum é feito de carne bovina moída, ou ainda de aves ou suínos, adicionada de gordura animal ou vegetal e de condimentos (substâncias que realçam o sabor dos alimentos, casos de sal e pimenta).&#60;/p&#62;&#60;p&#62;Alguns ingredientes podem ser acrescentados na receita de forma opcional, havendo a possibilidade de se colocar água, leite em pó, açúcar e queijo. Os mais populares hambúrgueres são os de carne bovina, vinda de bois e vacas. Seu consumo corresponde a cerca de 50% da utilização desse tipo de alimento em todo o mundo.&#60;/p&#62;&#60;p&#62;Em segundo lugar está o hambúrguer de frango. Quem não come carne ou prefere uma dieta mais equilibrada e saudável, pode haver opções diferentes, entre elas o hambúrguer de ervilha, por exemplo. Ele possui baixo teor de gordura, não tem lactose (açúcar presente no leite) e conta com sabor defumado natural.&#60;/p&#62;&#60;p&#62;O hambúrguer surgiu em 1904, nos Estados Unidos, e é um dos grandes símbolos da culinária do país. Esse tipo de item tem características de ser um um alimento rápido, prático e barato e acabou sendo bem aceito pela população.&#60;/p&#62;&#60;p&#62;As lanchonetes desse gênero chegaram ao Brasil em 1952, quando o jogador norte-americano de tênis Robert Falkemburg fundou o primeiro restaurante da rede Bob’s, no Rio de Janeiro. No caso da carne brasileira, os cortes mais usados para se montar um lanche são fraldinha, patinho, coxão duro, alcatra, contrafilé e picanha.&#60;/p&#62;&#60;p&#62;Ele possui 20% de gordura em sua formação e existe uma quantidade certa dessa substância a ser ingerida. O Ministério da Saúde orienta o consumo de, no máximo, 100 gramas de qualquer tipo de carne por dia e o recomendado é que as pessoas comam uma porção por semana do prato.&#60;/p&#62;&#60;p&#62;Uma das dicas é que ela seja preparada na chapa ou churrasqueira. Alguns ingredientes usados de complemento, a exemplo de maionese e ovos, devem ser evitados ou consumidos apenas de vez em quando, mas legumes e verduras são bem-vindos no sanduíche. A comida rápida é muito ingerida nos dias de hoje devido à facilidade do preparo.&#60;/p&#62;&#60;p&#62;No entanto, a obesidade é um fato e, por isso, esses alimentos devem ser usados com moderação para evitar esses e outros problemas de saúde.&#60;/p&#62;&#60;p&#62;&#60;strong&#62;Fonte:&#60;/strong&#62; https://www.dgabc.com.br/Noticia/1575799/como-e-feito-o-hamburguer&#60;/p&#62;', 'feitoBurguer.jpg', '2020-05-18 23:16:07', '2024-07-16 07:11:55'),
(18, 'como-o-sanduiche-se-modernizou', 1, 'Como o Sanduíche se modernizou', '&#60;p&#62;Em um domingo no parque, em viagens pelo mundo, no café da manhã, ou à tarde.Com café, com chá, com suco, incrementando com queijo, com maionese, com salada, com carne.Ele sempre está lá. O sanduíche é uma das formas mais populares de comer no Ocidente.&#60;/p&#62;&#60;p&#62;E não é de hoje. O sanduíche é definido pelo dicionário de Oxford como “uma comida que consiste em dois pedaços de pão com algo entre eles, ingerido como uma refeição rápida e prática”.&#60;/p&#62;&#60;p&#62;Mas quem foi o primeiro a pensar nessa ideia tão simples e eficiente de cortar o pão e colocar um recheio no meio? Não há uma resposta certa.&#60;/p&#62;&#60;p&#62;A mais comum é atribuída a John Montagu, 4° Conde de Sandwich (como é chamado o lanche em inglês), que viveu na Inglaterra durante o século 18. Ele era um aristocrata apaixonado por jogos de cartas. Era tão apaixonado que não queria parar nem para ir jantar ou almoçar.&#60;/p&#62;&#60;p&#62;Pedia então para trazerem um pedaço de carne no meio de duas fatias de pão. As coisas não mudaram muito desde então. Até hoje, muita gente que quer praticidade, sabor, versatilidade e rapidez pega um sanduíche para comer.&#60;/p&#62;&#60;p&#62;Desde então, o sanduiche continua firme e forte, sempre renovando a sua tradição com inovações no recheio, na forma de preparo, ou nos acompanhamentos. A MODERNIZAÇÃO DO SANDUÍCHE E A MAIONESE Nos Estados Unidos, o sanduíche começa a aparecer nos livros já em 1816. As receitas não falavam apenas da carne fria, mas também de queijos, frutas, nozes e cogumelos. Já no século 20, Richard Hellmann criava sua delicatessen em Nova York. Inicialmente, ele conquistou os EUA vendendo a verdadeira maionese como um molho para saladas.&#60;/p&#62;&#60;p&#62;Mas foi apenas uma questão de tempo para que as pessoas descobrissem que maionese e sanduíche também foram feitos um para o outro. Hoje o sanduíche se modernizou e está mais presente do que nunca em nossas vidas. Há diversos tipos de pães e de recheios para se colocar no meio de duas fatias. Há os vegetarianos, os de carne, os quentes e os frios. A única constante é: a maionese sempre cai bem, seja dentro ou ao redor.&#60;/p&#62;&#60;p&#62;Afinal, quem nunca colocou maionese em um hambúrguer, em um bauru, ou em um americano? Qualquer sanduíche fica especial com um toque de maionese. E a Hellmann&#39;s está há um século colaborando com essa deliciosa prática. Assim como o sanduíche evoluiu, muitas das receitas também se transformaram. Em um país como o Brasil, onde as pessoas adoram inventar novas formas de comer, é claro que os lanches tradicionais também iriam se transformar. Um dos mais populares sanduíches ocidentais, o Club Sandwich era muito famoso em resorts e clubes do século 19 nos EUA. O original é feito com pão, peito de frango, bacon, tomate, alface e maionese.&#60;/p&#62;&#60;p&#62;Mas há pequenas variações que podem fazer toda a diferença. Além da maionese Helmann’s, você pode dar um toque mais picante com páprica, seguir a inspiração indiana do curry ou inovar com um suco de laranja. Outro sanduíche muito tradicional que faz parte da vida dos brasileiros é cachorro quente. Seja na rua, na lanchonete ou em casa, o pão com salsicha é um dos sanduíches mais rápidos, tradicionais e saborosos que conhecemos.&#60;/p&#62;&#60;p&#62;Diferente dos estadunidenses, nosso cachorro quente costuma ser mais elaborado: batata palha, milho, ervilha e diversos outros ingredientes são bastante comuns. A receita varia muito de região para região do Brasil, mas sempre vai bem com mostarda, ketchup e maionese Hellmann&#39;s. Como sabemos, mais ingredientes não é sinônimo de qualidade: o que importa mesmo é dar seu toque pessoal à receita.&#60;/p&#62;&#60;p&#62;&#60;strong&#62;Fonte&#60;/strong&#62;: https://www.hellmanns.com.br/origem-do-sanduice-como-se-modernizou.html&#60;/p&#62;', 'sanduicheModernizacao.jpg', '2020-05-18 23:25:13', '2024-07-16 07:11:52'),
(19, 'doacoes-de-alimentos-durante-a-pandemia', 1, 'Doações de alimentos durante a pandemia', '&#60;p&#62;&#60;span style=&#34;color: #333333; font-family: opensans, helvetica, arial, sans-serif; font-size: 20px; letter-spacing: -0.5px; background-color: #ffffff;&#34;&#62;Empresas e empresários do Brasil estão envolvidos num esforço nacional para atravessar a crise do coronavírus. A Nestlé destinou mais de R$ 55 milhões em iniciativas de ajuda durante a pandemia. Foram mais de 800 toneladas de alimentos, bebidas e complemento nutricional para lares de idosos, abrigos, comunidades pobres e cooperativas de catadores. E 1,5 milhão de ovos de páscoa para hospitais e populações vulneráveis.&#60;/span&#62;&#60;/p&#62;&#60;p&#62;&#60;span style=&#34;color: #333333; font-family: opensans, helvetica, arial, sans-serif; font-size: 20px; letter-spacing: -0.5px; background-color: #ffffff;&#34;&#62;Outras doações da Nestlé: 350 mil equipamentos de proteção individual para a Cruz Vermelha. Quatrocentas e setenta mil máscaras para o Ministério da Saúde e para 15 cidades onde a empresa atua. E R$ 3 milhões para a iniciativa “Apoie um restaurante”.&#60;/span&#62;&#60;/p&#62;&#60;p&#62;&#60;span style=&#34;color: #333333; font-family: opensans, helvetica, arial, sans-serif; font-size: 20px; letter-spacing: -0.5px; background-color: #ffffff;&#34;&#62;“Nós somos uma empresa muito importante no Brasil, nós estamos presentes em 99% dos lares brasileiros e nós temos não somente a obrigação, mas o desejo de poder compartilhar e ajudar o máximo que pudermos”, disse Marcelo Melchior, presidente da Nestlé no Brasil.&#60;/span&#62;&#60;/p&#62;&#60;p&#62;&#60;span style=&#34;color: #333333; font-family: opensans, helvetica, arial, sans-serif; font-size: 20px; letter-spacing: -0.5px; background-color: #ffffff;&#34;&#62;A Stone, empresa de pagamentos e serviços financeiros, doou R$ 5 milhões para a construção do hospital de campanha do Parque dos Atletas, no Rio. E mais R$ 500 mil para a compra de 10 mil testes da Covid-19, destinados ao Hospital das Clínicas de São Paulo.&#60;/span&#62;&#60;/p&#62;&#60;p&#62;&#60;span style=&#34;color: #333333; font-family: opensans, helvetica, arial, sans-serif; font-size: 20px; letter-spacing: -0.5px; background-color: #ffffff;&#34;&#62;A Stone também destinou R$ 30 milhões para um fundo de ajuda a clientes da empresa impactados pela crise. E também criou uma linha de microcrédito de R$ 100 milhões para comerciantes.&#60;/span&#62;&#60;/p&#62;&#60;p&#62;&#60;span style=&#34;color: #333333; font-family: opensans, helvetica, arial, sans-serif; font-size: 20px; letter-spacing: -0.5px; background-color: #ffffff;&#34;&#62;“Essa crise é uma crise que tem início, meio e fim. Ela vai passar e a vida vai seguir. Esse é um momento de se reinventar, esse é o momento de engajar, esse é o momento onde a liderança vai fazer muita diferença. E eu não tenho menor dúvida de que juntos nós sairemos mais fortes e mais capacitados para ajudar a construir esse país, esse país mais forte, esse país com o futuro que ele merece”, afirmou Augusto Lins, presidente Stone Pagamentos.&#60;/span&#62;&#60;/p&#62;&#60;p&#62;&#60;span style=&#34;color: #333333; font-family: opensans, helvetica, arial, sans-serif; font-size: 20px; letter-spacing: -0.5px; background-color: #ffffff;&#34;&#62;&#60;strong&#62;Fonte&#60;/strong&#62;: &#60;/span&#62;&#60;span style=&#34;color: #333333; font-family: opensans, helvetica, arial, sans-serif;&#34;&#62;&#60;span style=&#34;font-size: 20px; letter-spacing: -0.5px;&#34;&#62;g1.globo.com/jornal-nacional/noticia/2020/04/24/solidariedade-sa-doacao-de-alimentos-e-bebidas-e-ajuda-para-construcao-de-hospital-de-campanha.ghtml&#60;/span&#62;&#60;/span&#62;&#60;/p&#62;', 'doacao.jpg', '2020-05-22 00:23:59', '2024-07-16 07:11:42'),
(20, 'sobre-o-projeto-gordao-a-110', 1, 'Sobre o projeto &#34;Gordão a 110%&#34;', '&#60;p class=&#34;MsoNormal&#34;&#62;Olá, me chamo Marcos dos Santos Carvalho, sou o desenvolvedor por trás do “Gordão a 110%”.&#60;/p&#62;&#60;p class=&#34;MsoNormal&#34;&#62;Realizei o projeto com PHP, MySQL, JS e CSS.&#60;/p&#62;&#60;p class=&#34;MsoNormal&#34;&#62;Foram empregadas bibliotecas como: Boostrap, Owl.js e Light2Box.&#60;/p&#62;&#60;p class=&#34;MsoNormal&#34;&#62;Para construção arquitetural o padrão MVC foi adotado.&#60;/p&#62;&#60;p class=&#34;MsoNormal&#34;&#62;O site está totalmente responsável, podendo ser acessado por qualquer dispositivo.&#60;/p&#62;&#60;p class=&#34;MsoNormal&#34;&#62;A compatibilidade com os navegadores mais modernos também foi levada em conta e até mesmo o “Internet Explorer 11” recebeu uma adaptação.&#60;/p&#62;&#60;p class=&#34;MsoNormal&#34;&#62;Caso queira saber mais detalhes, fiz um vídeo demonstrado as funcionalidades do projeto: &#60;a href=&#34;https://www.youtube.com/watch?v=5iUX_1nDj3Q&#34;&#62;https://www.youtube.com/watch?v=5iUX_1nDj3Q&#60;/a&#62;&#60;/p&#62;&#60;p class=&#34;MsoNormal&#34;&#62;Para me contactar, acesse os links:&#60;/p&#62;&#60;p class=&#34;MsoNormal&#34;&#62;&#60;strong&#62;LinkedIn&#60;/strong&#62;: &#60;a href=&#34;https://www.linkedin.com/in/marcos-dos-santos-carvalho-67a51715a/&#34;&#62;https://www.linkedin.com/in/marcos-dos-santos-carvalho-67a51715a/&#60;/a&#62;&#60;/p&#62;&#60;p class=&#34;MsoNormal&#34;&#62;&#60;strong&#62;Site de contato: &#60;/strong&#62;&#60;a href=&#34;https://mscwps.000webhostapp.com/&#34;&#62;https://mscwps.000webhostapp.com&#60;/a&#62;&#60;/p&#62;&#60;p class=&#34;MsoNormal&#34;&#62;&#60;strong&#62;GitHub: &#60;/strong&#62;&#60;a href=&#34;https://github.com/Marcos-SCO&#34;&#62;https://github.com/Marcos-SCO&#60;/a&#62;&#60;/p&#62;', 'gordao_mockup.png', '2020-06-11 02:13:17', '2025-03-30 00:06:00');

-- --------------------------------------------------------

--
-- Table structure for table `products`
--

CREATE TABLE `products` (
  `id` int(11) NOT NULL,
  `slug` varchar(255) DEFAULT NULL,
  `user_id` int(11) DEFAULT NULL,
  `id_category` int(11) DEFAULT NULL,
  `product_name` varchar(80) DEFAULT NULL,
  `product_description` varchar(255) DEFAULT NULL,
  `img` varchar(80) DEFAULT NULL,
  `price` decimal(10,2) DEFAULT NULL,
  `created_at` timestamp NULL DEFAULT NULL,
  `updated_at` timestamp NOT NULL DEFAULT current_timestamp()
) ENGINE=InnoDB DEFAULT CHARSET=utf8mb3 COLLATE=utf8mb3_general_ci;

--
-- Dumping data for table `products`
--

INSERT INTO `products` (`id`, `slug`, `user_id`, `id_category`, `product_name`, `product_description`, `img`, `price`, `created_at`, `updated_at`) VALUES
(1, 'super-burguer', 1, 1, 'Super Burguer ', '**Super Burger** é um hambúrguer suculento e saboroso, feito com ingredientes frescos e de alta qualidade.', 'superBuruger.png', 21.99, '2020-05-19 14:49:45', '2025-03-30 05:17:21'),
(2, 'dois-andares-burguer', 1, 1, 'Dois andares Burguer ', '**Dois Andares Burger** é um hambúrguer recheado e duplamente saboroso, com camadas generosas de ingredientes frescos e deliciosos.', 'doisAndares.png', 10.50, '2020-05-19 14:53:50', '2025-03-30 05:17:39'),
(3, 'hamburguer-vegetal', 1, 1, 'Hambúrguer vegetal ', '**Hambúrguer vegetal** é uma opção saborosa e saudável, feito com ingredientes vegetais para quem busca uma refeição leve e nutritiva.', 'hambuerVegetal.png', 8.99, '2020-05-19 15:48:09', '2025-03-30 05:17:57'),
(4, 'frango-burguer', 1, 1, 'Frango Burguer ', '**Frango Burger** é um hambúrguer suculento feito com peito de frango, temperado e grelhado, oferecendo um sabor leve e delicioso.', 'hamburguerFrango.png', 11.99, '2020-05-19 16:03:28', '2025-03-30 05:18:16'),
(5, 'ala-pao-com-ovo', 1, 1, 'Alá pão com OVO ', '**Alá Pão com Ovo** é uma combinação simples e deliciosa, com ovo fresco e pão macio, perfeita para um lanche rápido e saboroso.', 'alaPaoOvo.png', 7.99, '2020-05-19 16:07:26', '2025-03-30 05:18:43'),
(6, 'x-gurmet', 1, 1, 'X-Gurmet ', '**X-Gurmet** é um hambúrguer sofisticado, com ingredientes premium e combinações exclusivas, oferecendo um sabor único e refinado em cada mordida.', 'xGurmet.png', 21.99, '2020-05-19 16:10:45', '2025-03-30 05:18:57'),
(7, 'dark-burg', 1, 1, 'Dark Burg ', '**Dark Burg** é um hambúrguer ousado, com um toque exclusivo e sabor intenso, ideal para quem busca uma experiência gastronômica diferenciada e marcante.', 'darkBuruger.png', 21.99, '2020-05-19 16:12:40', '2025-03-30 05:19:13'),
(8, 'raiz-quadrada-burguer', 1, 1, 'Raiz quadrada Burguer', '**Raiz Quadrada Burger** é um hambúrguer criativo e saboroso, que combina ingredientes inusitados e uma apresentação única, proporcionando uma experiência gastronômica surpreendente.', 'raizQuadrada.png', 15.99, '2020-05-19 16:24:48', '2025-03-30 05:19:28'),
(9, 'pizza-de-tomate-com-requeijao', 1, 2, 'Pizza de Tomate com Requeijão ', '**Pizza de Tomate com Requeijão** é uma combinação simples e deliciosa, com molho de tomate fresco e uma camada cremosa de requeijão, perfeita para quem aprecia um sabor suave e irresistível.', 'tomateRequeijao.png', 25.99, '2020-05-19 20:27:37', '2025-03-30 05:19:43'),
(10, 'pizza-de-requeijao-com-calabresa', 1, 2, 'Pizza de Requeijão com calabresa ', '**Pizza de Requeijão com Calabresa** é uma combinação irresistível de requeijão cremoso e calabresa temperada, oferecendo um sabor marcante e delicioso a cada fatia.', 'requeijaoComCalabresa.png', 25.99, '2020-05-19 20:29:53', '2025-03-30 05:20:33'),
(11, 'pizza-de-calabresa-com-queijo', 1, 2, 'Pizza de calabresa com queijo ', '**Pizza de Calabresa com Queijo** é uma combinação clássica e saborosa, com calabresa bem temperada e uma camada generosa de queijo derretido, perfeita para quem aprecia um sabor intenso e irresistível.', 'calabresaComQueijo.png', 25.99, '2020-05-19 20:30:56', '2025-03-30 05:20:50'),
(12, 'pizza-de-mussarela', 1, 2, 'Pizza de Mussarela ', '**Pizza de Mussarela** é uma opção clássica e deliciosa, com uma camada generosa de queijo mussarela derretido sobre uma massa crocante, perfeita para todos os gostos.', 'mussarela.png', 25.99, '2020-05-19 20:32:06', '2025-03-30 05:21:04'),
(13, 'pizza-de-tomate-com-queijo', 1, 2, 'Pizza de tomate com queijo ', '**Pizza de Tomate com Queijo** é uma combinação simples e saborosa, com tomates frescos e queijo derretido, proporcionando um sabor leve e irresistível em cada pedaço.', 'pizzaTomate.png', 25.99, '2020-05-19 20:33:22', '2025-03-30 05:21:18'),
(14, 'pizza-de-calabresa-fatiada', 1, 2, 'Pizza de calabresa fatiada ', '**Pizza de Calabresa Fatiada** é uma opção deliciosa e recheada, com fatias de calabresa bem temperadas sobre uma massa crocante, ideal para quem aprecia um sabor picante e marcante.', 'calabresaFatiada.png', 25.99, '2020-05-19 20:35:54', '2025-03-30 05:21:33'),
(15, 'pizza-de-presunto', 1, 2, 'Pizza de presunto ', '**Pizza de Presunto** é uma opção saborosa e clássica, com fatias de presunto delicadamente distribuídas sobre uma base de queijo derretido e massa crocante, perfeita para todos os gostos.', 'pizzaPressunto.png', 25.99, '2020-05-19 20:36:34', '2025-03-30 05:21:53'),
(16, 'pizza-com-tomate-ressecado', 1, 2, 'Pizza com tomate ressecado ', '**Pizza com Tomate Ressecado** combina o sabor intenso e adocicado dos tomates secos com queijo derretido e uma massa crocante, oferecendo uma experiência única e deliciosa.', 'tomateResecado.png', 25.99, '2020-05-19 20:38:49', '2025-03-30 05:22:11'),
(17, 'pizza-de-chocolate-com-morango', 1, 2, 'Pizza de Chocolate com morango ', '**Pizza de Chocolate com Morango** é uma sobremesa deliciosa, combinando o sabor doce e cremoso do chocolate com a frescura e doçura dos morangos, em uma massa crocante e irresistível.', 'chocolateComMorango.png', 35.99, '2020-05-19 20:41:05', '2025-03-30 05:22:24'),
(18, 'pizza-de-brigadeiro', 1, 2, 'Pizza de Brigadeiro ', '**Pizza de Brigadeiro** é uma sobremesa indulgente, com uma camada generosa de brigadeiro cremoso sobre a massa, proporcionando uma experiência doce e irresistível em cada pedaço.', 'pizzaBrigadeiro.png', 35.99, '2020-05-19 20:41:52', '2025-03-30 05:22:40'),
(19, 'pizza-encruzilhada', 1, 2, 'Pizza encruzilhada ', '**Pizza Encruzilhada** é uma combinação ousada e criativa de sabores, misturando ingredientes inusitados e deliciosos para criar uma experiência única e surpreendente em cada fatia.', 'pizzaEncruzilhada.png', 29.99, '2020-05-19 20:42:46', '2025-03-30 05:22:55'),
(20, 'porcao-de-coxinhas-de-frango', 1, 3, 'Porção de Coxinhas de frango ', '**Porção de Coxinhas de Frango** é um petisco crocante e recheado, perfeito para saborear a qualquer hora.', 'porcaoDeCoxinha.png', 30.00, '2020-05-19 21:51:15', '2025-03-30 05:23:22'),
(21, 'porcao-de-cachorro-quente', 1, 3, 'Porção de Cachorro-quente ', '**Porção de Cachorro-quente** é um lanche delicioso e prático, com salsichas suculentas e temperos irresistíveis, perfeito para um momento de sabor.', 'porcaoCachorroQuente.png', 25.99, '2020-05-19 21:52:27', '2025-03-30 05:23:38'),
(22, 'porcao-de-batata-frita', 1, 3, 'Porção de batata frita ', '**Porção de Batata Frita** é um petisco crocante e irresistível, perfeito para acompanhar qualquer refeição ou saborear sozinho.', 'porcaoDeBatataFrita.png', 8.99, '2020-05-19 21:54:03', '2025-03-30 05:23:53'),
(23, 'porcao-de-esfirras', 1, 3, 'Porção de esfirras ', '**Porção de Esfirras** é uma deliciosa opção de petisco, com massa macia e recheios variados, perfeitas para saborear a qualquer hora.', 'porcaoEsfirras.png', 25.99, '2020-05-19 21:54:54', '2025-03-30 05:24:16'),
(24, 'porcao-de-bolinho-de-queijo', 1, 3, 'Porção de bolinho de queijo ', '**Porção de Bolinho de Queijo** é um petisco crocante por fora e recheado com queijo cremoso por dentro, perfeito para um lanche saboroso a qualquer momento.', 'porcaoBolinhoQueijo.png', 29.99, '2020-05-19 21:55:46', '2025-03-30 05:24:36'),
(25, 'porcao-de-batata-frita-com-requeijao-e-bacon', 1, 3, 'Porção de batata frita com requeijão e bacon ', '**Porção de Batata Frita com Requeijão e Bacon** é uma deliciosa combinação de batatas crocantes, requeijão cremoso e bacon crocante, perfeita para um lanche irresistível.', 'porcaoBatafritaComRequeijaoEBacon.png', 35.99, '2020-05-19 21:57:09', '2025-03-30 05:24:54'),
(26, 'porcao-de-batata-frita-frango-e-salada', 1, 3, 'Porção de batata frita, frango e salada ', '**Porção de Batata Frita, Frango e Salada** é uma refeição saborosa e balanceada, com batatas crocantes, frango suculento e uma salada fresca para completar o prato.', 'batataFritaFrangoSalada.png', 25.50, '2020-05-19 22:34:50', '2025-03-30 05:25:13'),
(27, 'porcao-com-bata-frita-carne-e-salada', 1, 3, 'Porção com bata frita, carne e salada ', '**Porção com Batata Frita, Carne e Salada** é uma refeição completa e saborosa, perfeita para saciar a fome de forma equilibrada.', 'batataFritaCarneSalada.png', 21.99, '2020-05-19 22:35:51', '2025-03-30 05:25:36'),
(28, 'burguer-triple-a-batata-refri', 1, 4, 'Burguer Triple A + Batata + Refri ', '**Burguer Triple A + Batata + Refri** é um combo irresistível, com um hambúrguer suculento, batatas crocantes e refrigerante gelado, perfeito para matar a fome com muito sabor.', 'hamburguerTripleABatataRefri.png', 25.99, '2020-05-20 15:09:01', '2025-03-30 05:25:53'),
(29, 'mega-burguer-e-refri', 1, 4, 'Mega Burguer e Refri ', '**Mega Burguer e Refri** é uma refeição completa com um hambúrguer delicioso e refrigerante gelado, perfeita para saciar sua fome.', 'megaBurgRefri.png', 24.99, '2020-05-20 15:12:42', '2025-03-30 05:26:17'),
(30, '3-mega-burguer-refri-2-litros', 1, 4, '3 Mega Burguer + Refri 2 Litros ', '**3 Mega Burguer + Refri 2 Litros** é um combo farto e saboroso, com três hambúrgueres suculentos e um refrigerante de 2 litros para compartilhar.', '3megaBurguesMaisRefri.png', 40.00, '2020-05-20 15:13:49', '2025-03-30 05:26:35'),
(31, 'burguer-mastodonte-batata-refri', 1, 4, 'Burguer Mastodonte + Batata + Refri ', '**Burguer Mastodonte + Batata + Refri** é um combo imbatível, com um hambúrguer gigante, batatas crocantes e refrigerante gelado, perfeito para quem está com muita fome.', 'burguerMastodonteBatataRefri.png', 35.99, '2020-05-20 15:16:53', '2025-03-30 05:26:53'),
(32, 'cento-de-salgado-refri', 1, 4, 'Cento de Salgado + Refri ', '**Cento de Salgados + Refri** é uma porção generosa de salgados variados acompanhada de um refrigerante gelado, ideal para compartilhar e saborear a qualquer hora.', 'centoSalgadosRefri.png', 29.99, '2020-05-20 15:18:04', '2025-03-30 05:27:10'),
(33, '2-centos-de-salgado-refri', 1, 4, '2 Centos de Salgado + Refri ', '**2 Centos de Salgado + Refri** é uma porção dupla de salgados variados, acompanhada de refrigerante gelado, perfeita para compartilhar e satisfazer a fome de todos.', '2centoSalgadosRefri.png', 45.99, '2020-05-20 15:19:03', '2025-03-30 05:27:24'),
(34, '2-coxinhas-refri', 1, 4, '2 Coxinhas + Refri ', '**2 Coxinhas + Refri** é um combo saboroso com coxinhas crocantes e refrigerante gelado, perfeito para um lanche rápido.', '2CoxinhasMaisRefri.png', 4.50, '2020-05-20 15:20:53', '2025-03-30 05:27:48'),
(35, '4-coxinhas-refri', 1, 4, '4 Coxinhas + Refri ', '**4 Coxinhas + Refri** é um combo irresistível, com quatro coxinhas crocantes e refrigerante gelado, ideal para um lanche saboroso.', '4CoxinhasMaisRefri.png', 6.50, '2020-05-20 15:22:00', '2025-03-30 05:28:00'),
(36, 'pizza-1-refri', 1, 4, 'Pizza + 1 Refri ', '**Pizza + 1 Refri** é a combinação perfeita para uma refeição deliciosa, com uma pizza saborosa e um refrigerante gelado para acompanhar.', 'pizzaRefri.png', 35.99, '2020-05-20 15:22:57', '2025-03-30 05:28:25'),
(37, '2-pizzas-1-refri', 1, 4, '2 Pizzas + 1 Refri ', '**2 Pizzas + 1 Refri** é o combo ideal para compartilhar, com duas pizzas deliciosas e um refrigerante gelado para completar a refeição.', '2pizzaRefri.png', 49.99, '2020-05-20 15:24:17', '2025-03-30 05:28:43'),
(38, 'coca-cola-2-litros', 1, 5, 'Coca cola 2 Litros ', '**Coca-Cola 2 Litros** é a opção clássica e refrescante, perfeita para acompanhar suas refeições ou momentos de descontração.', 'coca2Litros.png', 7.99, '2020-05-20 15:50:14', '2025-03-30 05:28:56'),
(39, 'guarana-antarctica-2-litros', 1, 5, 'Guaraná Antarctica 2 Litros ', '**Guaraná Antarctica 2 litros** é a opção perfeita para quem busca um refrigerante refrescante e com sabor autêntico, ideal para compartilhar em qualquer ocasião.', 'guarana2Litros.png', 7.99, '2020-05-20 15:51:12', '2025-03-30 05:15:59'),
(40, 'fanta-de-2-litros', 1, 5, 'Fanta de 2 Litros ', '**Fanta de 2 litros** oferece um sabor refrescante e frutado, perfeito para compartilhar em qualquer ocasião.', 'fanta2L.png', 7.99, '2020-05-20 15:52:00', '2025-03-30 05:14:24'),
(41, 'refrigerante-de-latinha', 1, 5, 'Refrigerante de Latinha ', '**Refrigerante de latinha** é uma opção prática e refrescante, disponível em diversos sabores para saborear a qualquer hora.', 'refreLata.png', 4.50, '2020-05-20 15:52:53', '2025-03-30 05:14:44'),
(42, 'toddynho', 1, 5, 'Toddynho ', '**Toddynho** é uma bebida achocolatada cremosa e deliciosa, perfeita para um saboroso e prático lanche a qualquer hora.', 'todynho.png', 3.50, '2020-05-20 15:53:49', '2025-03-30 05:15:03'),
(43, 'suco-de-frutas', 1, 5, 'Suco de Frutas ', 'Suco de frutas é uma opção refrescante e saudável, feito com frutas naturais para oferecer sabor e energia a qualquer momento do dia.', 'sucoFruto.png', 4.50, '2020-05-20 15:54:40', '2025-03-30 05:15:26');

-- --------------------------------------------------------

--
-- Table structure for table `product_categories`
--

CREATE TABLE `product_categories` (
  `id` int(11) NOT NULL,
  `slug` varchar(255) DEFAULT NULL,
  `user_id` int(11) DEFAULT NULL,
  `category_name` varchar(60) DEFAULT NULL,
  `category_description` text DEFAULT NULL,
  `img` varchar(80) DEFAULT NULL,
  `created_at` timestamp NULL DEFAULT NULL,
  `updated_at` timestamp NOT NULL DEFAULT current_timestamp()
) ENGINE=InnoDB DEFAULT CHARSET=utf8mb3 COLLATE=utf8mb3_general_ci;

--
-- Dumping data for table `product_categories`
--

INSERT INTO `product_categories` (`id`, `slug`, `user_id`, `category_name`, `category_description`, `img`, `created_at`, `updated_at`) VALUES
(1, 'hamburgueres', 1, 'Hambúrgueres', 'Hambúrgueres suculentos, feitos com carnes selecionadas e acompanhados de ingredientes frescos. Uma opção deliciosa e prática para qualquer refeição, com diversos sabores para todos os gostos.', 'hamburguers.png', '2020-05-19 14:41:02', '2025-03-30 05:02:12'),
(2, 'pizzas', 1, 'Pizzas', 'Pizzas deliciosas, com diversas opções de sabores, preparadas com ingredientes frescos e de qualidade. Perfeitas para compartilhar ou saborear sozinho a qualquer hora.', 'pizzas.png', '2020-05-19 19:11:32', '2025-03-30 05:01:47'),
(3, 'porcoes', 1, 'Porções', 'Porções de lanches são pequenas quantidades de alimentos rápidas e práticas, perfeitas para matar a fome entre refeições ou compartilhar em eventos. Variam de salgadinhos a mini sanduíches, atendendo diferentes gostos.', 'fritosSalgadosEassados.png', '2020-05-19 21:49:34', '2025-03-30 04:48:08'),
(4, 'combos', 1, 'Combos', 'Combos são combinações de alimentos e bebidas oferecidas com desconto, proporcionando uma refeição completa e prática. Ideais para quem busca economia e variedade.', 'combos.png', '2020-05-20 15:05:44', '2025-03-30 04:59:29'),
(5, 'bebidas', 1, 'Bebidas', 'Bebidas refrescantes, alcoólicas e não alcoólicas, perfeitas para complementar sua refeição ou saciar a sede a qualquer momento. Escolha entre sucos, refrigerantes, cafés e drinks especiais.', 'bebidas.png', '2020-05-20 15:48:25', '2025-03-30 05:01:09');

-- --------------------------------------------------------

--
-- Table structure for table `users`
--

CREATE TABLE `users` (
  `status` int(11) DEFAULT 1,
  `id` int(11) NOT NULL,
  `username` varchar(255) DEFAULT NULL,
  `adm` int(11) DEFAULT 0,
  `name` varchar(60) DEFAULT NULL,
  `last_name` varchar(60) NOT NULL,
  `email` varchar(255) DEFAULT NULL,
  `password` varchar(255) DEFAULT NULL,
  `img` varchar(80) DEFAULT NULL,
  `bio` text DEFAULT NULL,
  `created_at` timestamp NULL DEFAULT NULL,
  `updated_at` timestamp NOT NULL DEFAULT current_timestamp() ON UPDATE current_timestamp()
) ENGINE=InnoDB DEFAULT CHARSET=utf8mb3 COLLATE=utf8mb3_general_ci;

--
-- Dumping data for table `users`
--

INSERT INTO `users` (`status`, `id`, `username`, `adm`, `name`, `last_name`, `email`, `password`, `img`, `bio`, `created_at`, `updated_at`) VALUES
(1, 1, 'marcossco', 1, 'Marcos', 'dos Santos Carvalho', 'marcos@test.com', '$2a$12$vzg9xxU1f/rMSshdrBlvR.OLRhzqS6CN1RTFW/pCkcabNXXAULzjy', '1711988601906.jpg', 'Me Chamo Marcos, trabalho como desenvolvedor Web. &#13;&#10;&#13;&#10;Sou o responsável pela criação do &#34;Gordão a 110%&#34;, e estou aberto a oportunidades de emprego.&#13;&#10;Caso você esteja procurando alguém como eu, sinta-se a vontade para me contactar.', '2020-05-10 04:10:39', '2025-03-30 05:28:46'),
(1, 2, 'giorno', 0, 'Giorno', 'Giovanna', 'giorno@outlook.com', '$2y$10$Y143lGI/jPlBzNG..7/2lOocn20Og9Cp5hqZHbzTxYAvkw4AScZUu', 'giornoGiovanna-min.jpg', 'Giorno Giovanna é o protagonista de JoJo’s Bizarre Adventure: Golden Wind (Parte 5). Filho biológico de Dio Brando, ele herda o sangue dos Joestar e sonha em se tornar um &#34;Gang-Star&#34; para reformar a máfia italiana. Infiltrando-se na gangue Passione, ele enfrenta desafios para derrubar seu líder, Diavolo. Seu Stand, Gold Experience, evolui para Gold Experience Requiem, tornando-se um dos mais poderosos da série. Determinado e estratégico, Giorno é um dos protagonistas mais icônicos de JoJo’s Bizarre Adventure.', '2020-06-10 21:29:54', '2025-03-30 04:18:02'),
(1, 3, 'dio', 0, 'Dio', 'Brando', 'dio@test.com', '$2y$10$U0Qn7FxoF8gBFJZiil5tM.i9mTosAtlTmcBwG8pLRFuHopIuPwHEu', 'dio-min.jpg', '&#60;p&#62;Kono Dio DAAA!!&#60;/p&#62;&#13;&#10;&#60;p data-end=&#34;392&#34; data-start=&#34;0&#34;&#62;&#60;strong data-end=&#34;14&#34; data-start=&#34;0&#34;&#62;Dio Brando&#60;/strong&#62; &#38;eacute; um dos principais antagonistas de &#60;em data-is-only-node=&#34;&#34; data-end=&#34;77&#34; data-start=&#34;51&#34;&#62;JoJo&#38;rsquo;s Bizarre Adventure&#60;/em&#62;, aparecendo como vil&#38;atilde;o central em &#60;em data-end=&#34;127&#34; data-start=&#34;112&#34;&#62;Phantom Blood&#60;/em&#62; (Parte 1) e &#60;em data-end=&#34;160&#34; data-start=&#34;140&#34;&#62;Stardust Crusaders&#60;/em&#62; (Parte 3). Nascido em uma fam&#38;iacute;lia pobre e abusiva, ele busca poder a qualquer custo, tornando-se imortal ao usar a &#60;strong data-end=&#34;296&#34; data-start=&#34;276&#34;&#62;M&#38;aacute;scara de Pedra&#60;/strong&#62;. Seu conflito com Jonathan Joestar d&#38;aacute; in&#38;iacute;cio &#38;agrave; rivalidade entre as fam&#38;iacute;lias Joestar e Brando.&#60;/p&#62;&#13;&#10;&#60;p data-end=&#34;596&#34; data-start=&#34;394&#34;&#62;Em &#60;em data-end=&#34;417&#34; data-start=&#34;397&#34;&#62;Stardust Crusaders&#60;/em&#62;, Dio retorna com o Stand &#60;strong data-end=&#34;456&#34; data-start=&#34;443&#34;&#62;The World&#60;/strong&#62;, capaz de parar o tempo, tornando-se uma amea&#38;ccedil;a global. Seu carisma, crueldade e ambi&#38;ccedil;&#38;atilde;o o tornam um dos vil&#38;otilde;es mais marcantes da franquia.&#60;/p&#62;', '2020-06-10 21:30:31', '2025-03-30 04:24:36'),
(1, 4, 'mestre', 0, 'Mestre', 'dos Magos', 'mestre@outlook.com', '$2y$10$i5bqu6OBid.SXTMU26Ci5O/eBABnwJiO3IjLpaYeSBIwYjHj1pgNa', 'mestreDosMagos-min.jpg', '&#60;p&#62;O &#60;strong&#62;Mestre dos Magos&#60;/strong&#62; &#38;eacute; o enigm&#38;aacute;tico mentor de &#60;em&#62;Caverna do Drag&#38;atilde;o&#60;/em&#62;. Com grande sabedoria e poder m&#38;aacute;gico, ele guia um grupo de jovens her&#38;oacute;is em sua jornada por um mundo fant&#38;aacute;stico. Embora ajude a enfrentar desafios, sua verdadeira natureza e inten&#38;ccedil;&#38;otilde;es permanecem misteriosas ao longo da s&#38;eacute;rie.&#60;/p&#62;', '2020-06-10 21:31:04', '2025-03-30 04:26:19'),
(1, 5, 'jotaro', 0, 'Jotaro', 'Kujo', 'jotaro@outlook.com', '$2y$10$oc0arWje55u2Qs/CQO09aOFtOVxni/9mXh0ELFQiHJvGdMHqvVq2e', 'jotaroKujo-min.png', '&#60;p data-end=&#34;278&#34; data-start=&#34;0&#34;&#62;&#60;strong data-end=&#34;15&#34; data-start=&#34;0&#34;&#62;Jotaro Kujo&#60;/strong&#62; &#38;eacute; o protagonista de &#60;em data-is-only-node=&#34;&#34; data-end=&#34;82&#34; data-start=&#34;36&#34;&#62;JoJo&#38;rsquo;s Bizarre Adventure: Stardust Crusaders&#60;/em&#62; (Parte 3). Ele &#38;eacute; neto de Joseph Joestar e um dos membros mais ic&#38;ocirc;nicos da fam&#38;iacute;lia Joestar. Jotaro &#38;eacute; um jovem calmo, dur&#38;atilde;o e muitas vezes s&#38;eacute;rio, conhecido por sua frase famosa, &#60;em data-end=&#34;277&#34; data-start=&#34;259&#34;&#62;&#38;ldquo;Yare yare daze&#38;rdquo;&#60;/em&#62;.&#60;/p&#62;&#13;&#10;&#60;p data-end=&#34;646&#34; data-start=&#34;280&#34;&#62;Seu Stand, &#60;strong data-end=&#34;308&#34; data-start=&#34;291&#34;&#62;Star Platinum&#60;/strong&#62;, &#38;eacute; incrivelmente forte e r&#38;aacute;pido, com a habilidade de parar o tempo em momentos cr&#38;iacute;ticos. Jotaro &#38;eacute; um dos her&#38;oacute;is que viaja para derrotar Dio Brando e proteger o mundo, enfrentando grandes desafios ao longo do caminho. Sua determina&#38;ccedil;&#38;atilde;o, coragem e habilidades com seu Stand fazem dele um dos personagens mais lembrados e admirados da s&#38;eacute;rie.&#60;/p&#62;', '2020-06-10 21:31:37', '2025-03-30 04:27:04'),
(1, 6, 'homer', 0, 'Homer', 'Simpsom', 'homer@outlook.com', '$2y$10$aQHoHB9CHMJHgfDzlmFfseDDWzzD6MEo9HBQ.xIMfQgboCcnIZ7ya', 'homer-min.png', '&#60;p&#62;&#60;strong&#62;Homer Simpson&#60;/strong&#62; &#38;eacute; o protagonista da famosa s&#38;eacute;rie de anima&#38;ccedil;&#38;atilde;o &#60;em&#62;Os Simpsons&#60;/em&#62;. Ele &#38;eacute; o patriarca da fam&#38;iacute;lia Simpson e trabalha como operador de seguran&#38;ccedil;a na usina nuclear de Springfield. Homer &#38;eacute; conhecido por seu comportamento pregui&#38;ccedil;oso, impulsivo e muitas vezes irrespons&#38;aacute;vel, mas tamb&#38;eacute;m possui uma enorme capacidade de amor pela sua fam&#38;iacute;lia.&#60;/p&#62;&#13;&#10;&#60;p&#62;Com seu jeito desastrado e seu apetite por comida e divers&#38;atilde;o, Homer &#38;eacute; um personagem carism&#38;aacute;tico e uma figura central em muitas das com&#38;eacute;dias e li&#38;ccedil;&#38;otilde;es da s&#38;eacute;rie. Embora frequentemente se metendo em problemas, ele demonstra um grande cora&#38;ccedil;&#38;atilde;o e, no fundo, busca sempre o bem-estar de sua esposa, Marge, e filhos, Bart, Lisa e Maggie.&#60;/p&#62;', '2020-06-10 21:32:05', '2025-03-30 04:27:39'),
(1, 7, 'programador110', 0, 'Programador', 'a 110%', 'programador110@outlook.com', '$2y$10$Y143lGI/jPlBzNG..7/2lOocn20Og9Cp5hqZHbzTxYAvkw4AScZUu', 'programadorTurboNitro-min.jpg', '&#60;p&#62;&#34;I am a programmer and i have no life&#34;&#60;br /&#62;&#60;br /&#62;&#60;strong data-is-only-node=&#34;&#34; data-end=&#34;32&#34; data-start=&#34;0&#34;&#62;Programador a 110% no limite&#60;/strong&#62; &#38;ndash; apaixonado por tecnologia e desafios, sempre buscando entregar solu&#38;ccedil;&#38;otilde;es criativas e de alto desempenho. Com foco em otimizar processos e superar barreiras, dedica-se incansavelmente ao c&#38;oacute;digo, buscando sempre aprender novas linguagens e tecnologias. Est&#38;aacute; sempre no limite de sua produtividade, desbravando problemas complexos com aten&#38;ccedil;&#38;atilde;o aos detalhes e foco na perfei&#38;ccedil;&#38;atilde;o. Mas, mais do que tudo, &#38;eacute; movido pela paix&#38;atilde;o de transformar ideias em realidade, enquanto tenta equilibrar seu amor pela programa&#38;ccedil;&#38;atilde;o com o autocuidado.&#38;nbsp;&#60;/p&#62;', '2020-06-10 21:33:00', '2025-03-30 04:28:52'),
(1, 8, 'zero', 0, 'Zero', 'II', 'zero@outlook.com', '$2y$10$N0qwWmeRCZiYHM/xpX6pF.sZUw6ZO0.P5z4/zSTmaWJ9lUKxNEA5W', 'zero-min.png', '&#60;p&#62;&#34;Life is simply unfair, don&#39;t you think?&#34;&#60;br /&#62;&#60;br /&#62;&#60;/p&#62;&#13;&#10;&#60;p data-end=&#34;419&#34; data-start=&#34;0&#34;&#62;&#60;strong data-end=&#34;8&#34; data-start=&#34;0&#34;&#62;Zero&#60;/strong&#62; &#38;eacute; o misterioso antagonista da s&#38;eacute;rie &#60;em data-is-only-node=&#34;&#34; data-end=&#34;58&#34; data-start=&#34;45&#34;&#62;Zero Escape&#60;/em&#62;, com destaque em &#60;em data-end=&#34;108&#34; data-start=&#34;76&#34;&#62;Zero Escape: Zero Time Dilemma&#60;/em&#62; (Parte 3). Ele &#38;eacute; o respons&#38;aacute;vel por orquestrar os eventos que prendem os protagonistas em situa&#38;ccedil;&#38;otilde;es de vida ou morte, desafiando-os a tomar decis&#38;otilde;es dif&#38;iacute;ceis e, muitas vezes, morais. Ao longo da s&#38;eacute;rie, Zero manipula os participantes do jogo de uma forma calculista, colocando-os em testes psicol&#38;oacute;gicos intensos.&#60;/p&#62;&#13;&#10;&#60;p data-end=&#34;825&#34; data-start=&#34;421&#34;&#62;Embora sua identidade real seja mantida em segredo por boa parte do jogo, Zero &#38;eacute; uma figura de grande import&#38;acirc;ncia na narrativa, utilizando mist&#38;eacute;rios, enigmas e armadilhas para levar os jogadores ao limite de suas capacidades, criando uma atmosfera de tens&#38;atilde;o constante. A revela&#38;ccedil;&#38;atilde;o de sua verdadeira identidade e inten&#38;ccedil;&#38;otilde;es &#38;eacute; um dos grandes pontos de virada da trama, conectando os eventos de toda a s&#38;eacute;rie.&#60;/p&#62;', '2020-06-10 21:39:48', '2025-03-30 04:29:51'),
(0, 9, 'fenrirastony', 0, 'Fenrir', 'Astony', 'fenrirastony@test.com', '$2y$10$4rzHx8vl.aVc0.CTFaK51uKLQM1Y7L0ozXoh9j3yLvW.qK9ohbJYi', '', '&#60;p&#62;&#60;strong data-end=&#34;17&#34; data-start=&#34;0&#34;&#62;Fenrir Astony&#60;/strong&#62; &#38;eacute; uma figura misteriosa e imponente, que carrega consigo uma aura de for&#38;ccedil;a e sabedoria. Seu nome remete ao poder mitol&#38;oacute;gico de &#60;strong data-is-only-node=&#34;&#34; data-end=&#34;155&#34; data-start=&#34;145&#34;&#62;Fenrir&#60;/strong&#62;, o lobo gigante da mitologia n&#38;oacute;rdica, conhecido por sua for&#38;ccedil;a avassaladora e seu destino inevit&#38;aacute;vel. &#34;Astony&#34;, por outro lado, pode sugerir uma conex&#38;atilde;o com algo grandioso ou fora do comum, uma pessoa que desafia os limites e possui uma presen&#38;ccedil;a marcante.&#60;/p&#62;', '2020-06-10 21:40:40', '2025-03-30 04:38:36'),
(0, 10, 'jacobe', 0, 'Jacobe', 'de Lavour', 'jacob@outlook.com', '$2y$10$Y143lGI/jPlBzNG..7/2lOocn20Og9Cp5hqZHbzTxYAvkw4AScZUu', 'mario.jpg', '&#60;p&#62;&#60;strong data-end=&#34;19&#34; data-start=&#34;0&#34;&#62;acob de Lavour&#60;/strong&#62; &#38;eacute; uma pessoa com uma personalidade forte e determinada, que busca sempre deixar sua marca no que faz. Seu nome, que combina uma sensa&#38;ccedil;&#38;atilde;o de tradi&#38;ccedil;&#38;atilde;o e autenticidade, sugere algu&#38;eacute;m com ra&#38;iacute;zes profundas e uma vis&#38;atilde;o clara do futuro. Jacob &#38;eacute; algu&#38;eacute;m que pode ser descrito como pr&#38;aacute;tico, focado e sempre disposto a enfrentar novos desafios com coragem e sabedoria.&#60;/p&#62;', '2020-06-10 21:41:14', '2025-03-30 04:39:31'),
(0, 11, 'melroses', 0, 'Mel', 'Roses', 'mel@outlook.com', '$2y$10$ywJJ.BfQABjmTmUjLAMBjeBMQv.ekmlm/SE1NmhqPOKvoSaaT8HEa', NULL, NULL, '2020-06-10 21:41:32', '2024-07-17 06:12:36'),
(0, 12, 'gisellemount', 0, 'Giselle', 'de mount', 'giselle@outlook.com', '$2y$10$Yj3ijSIvxePiCxfZPM6sFuJ1wg/DnGXCJo3CVFU4SVubRwZsW63Sq', NULL, NULL, '2020-06-10 21:42:05', '2024-07-17 06:12:44'),
(0, 13, 'sebook', 0, 'Sebook', 'livraria', 'sebook@outlook.com', '$2y$10$m/zDaKSgZXQTRr8uN.9vIeoRAmRRva/Aqfvpzn..0YS6jXrtZYZLu', NULL, NULL, '2020-06-10 21:42:39', '2024-07-17 06:12:48'),
(0, 14, NULL, 0, 'Yugi', 'Muto', 'yugi@outlook.com', '$2y$10$Ji3Tww.Bdco566w1iXk7QOKRhtItJzGFAyMZ9kKqT3Flcui01SjtO', NULL, NULL, '2020-06-10 21:43:08', '2024-07-11 07:03:44'),
(0, 15, NULL, 0, 'Rafael', 'de Souza', 'rafael@outlook.com', '$2y$10$XTnbJnlyfKxdQQnX.QVY2ugwq2XEVLP3na1bzz3E3zXyV1qRZDNjS', NULL, NULL, '2020-06-10 21:44:50', '2020-06-10 22:16:19'),
(0, 16, 'badit', 0, 'Badit', 'Keith', 'badit@outlook.com', '$2y$10$TCTT30WJW/IKofU3maFHkeQ76K9kI0rMQ2Z5t1xmlG1grmlNOdwiu', NULL, NULL, '2020-06-10 22:04:13', '2024-07-17 06:12:53'),
(1, 17, 'monokuma', 0, 'Monokuma', 'mastermind', 'monokuma@outlook.com', '$2y$10$TrtZB1r..qNho6lnIqBnLOB7qzkOXDW8Dp7HdpkB0k9gfJqYfjVhK', 'monokuma-min.jpg', '&#60;p&#62;&#60;strong data-is-only-node=&#34;&#34; data-end=&#34;12&#34; data-start=&#34;0&#34;&#62;Monokuma&#60;/strong&#62; &#38;eacute; o antagonista principal de &#60;em data-end=&#34;55&#34; data-start=&#34;42&#34;&#62;Danganronpa&#60;/em&#62;. Ele &#38;eacute; um ursinho de pel&#38;uacute;cia bi-colorido, com metade preta e branca, que orquestra jogos mortais entre estudantes, for&#38;ccedil;ando-os a matar uns aos outros para escapar. Apesar de sua apar&#38;ecirc;ncia fofa, Monokuma &#38;eacute; cruel, manipulador e s&#38;aacute;dico, criando um ambiente de desespero e desconfian&#38;ccedil;a entre os participantes. Ele &#38;eacute; controlado por uma intelig&#38;ecirc;ncia artificial e se torna um dos vil&#38;otilde;es mais ic&#38;ocirc;nicos da s&#38;eacute;rie.&#60;/p&#62;', '2020-06-10 22:06:38', '2025-03-30 07:48:34'),
(1, 18, 'matias', 0, 'Matias', 'Nobrega', 'matias@outlook.com', '$2y$10$BmlaA.efU5U/LnkGkETl3.igFilltmdErB9TqMTiEdQwPDf6BevNS', '', '&#60;p&#62;&#60;strong data-is-only-node=&#34;&#34; data-end=&#34;10&#34; data-start=&#34;0&#34;&#62;Matias&#60;/strong&#62; &#38;eacute; uma pessoa que pode ser descrita como algu&#38;eacute;m de esp&#38;iacute;rito curioso e determinado. Ele gosta de explorar novas ideias e enfrentar desafios de frente. Seja no campo profissional, onde se dedica ao seu trabalho com afinco, ou em seus projetos pessoais, Matias est&#38;aacute; sempre em busca de aprender e crescer. Ele valoriza a honestidade e a simplicidade, e sua personalidade cativante atrai a confian&#38;ccedil;a das pessoas ao seu redor. Com um cora&#38;ccedil;&#38;atilde;o generoso e um esp&#38;iacute;rito aventureiro, Matias nunca deixa de ser uma pessoa com boas inten&#38;ccedil;&#38;otilde;es e um desejo sincero de contribuir positivamente para o mundo.&#60;/p&#62;', '2020-06-10 22:10:12', '2025-03-30 04:30:29'),
(1, 28, 'jack', 1, 'Jack', 'O Jack', 'jack@test.com', '$2y$10$6SDIJC1WN0qRAa78.kLkc.TZ1W5sXHTj5zO2mo/HiStdIaCnJShHq', 'mario.jpg', '&#60;p&#62;&#60;strong data-is-only-node=&#34;&#34; data-end=&#34;8&#34; data-start=&#34;0&#34;&#62;Jack&#60;/strong&#62; &#38;eacute; um nome comum, associado a pessoas carism&#38;aacute;ticas, extrovertidas e aventureiras. Ele costuma ser confi&#38;aacute;vel, l&#38;iacute;der e algu&#38;eacute;m que gosta de se envolver em novas experi&#38;ecirc;ncias. Jack &#38;eacute; um nome simples, mas cheio de energia e inspira&#38;ccedil;&#38;atilde;o.&#60;/p&#62;', '2024-06-03 08:28:47', '2025-03-30 04:31:17'),
(1, 30, 'edmundoworld', 0, 'Ed', 'edmundo world', 'edmundoworld@teste.com', '$2y$10$uRnoglluSY870x0AwE8z0ek.fxhvypvnoPENKy0Gc4EAAOKxdVFwS', '', '&#60;p&#62;&#60;strong data-is-only-node=&#34;&#34; data-end=&#34;17&#34; data-start=&#34;0&#34;&#62;Edmundo World&#60;/strong&#62; &#38;eacute; uma pessoa que vive com intensidade e busca constantemente expandir seus horizontes. Com uma mente curiosa e esp&#38;iacute;rito aventureiro, ele est&#38;aacute; sempre em busca de novos desafios e experi&#38;ecirc;ncias, enfrentando cada obst&#38;aacute;culo com coragem e determina&#38;ccedil;&#38;atilde;o. Edmundo tem uma habilidade &#38;uacute;nica de transformar situa&#38;ccedil;&#38;otilde;es dif&#38;iacute;ceis em oportunidades de crescimento, sendo uma inspira&#38;ccedil;&#38;atilde;o para todos ao seu redor. Com um cora&#38;ccedil;&#38;atilde;o generoso e uma vis&#38;atilde;o clara do futuro, ele busca sempre deixar sua marca no mundo, seja atrav&#38;eacute;s de suas a&#38;ccedil;&#38;otilde;es, palavras ou atitudes.&#60;/p&#62;', '2024-07-05 19:00:22', '2025-03-30 04:32:46'),
(1, 31, 'doidofinanceiro', 0, 'Doido por finanças', 'Ataque', 'doidofinanceiro@test.com', '$2y$10$qZbb8jf88Pp4b1l48DRo4Okw9DG20a5XTaiXICVzgGjZh.9.q9oY2', 'ls1_set.png', '&#60;p&#62;&#60;strong data-is-only-node=&#34;&#34; data-end=&#34;20&#34; data-start=&#34;0&#34;&#62;Doido Financeiro&#60;/strong&#62; &#38;eacute; um verdadeiro entusiasta do mundo das finan&#38;ccedil;as, sempre em busca de maneiras criativas e ousadas de maximizar seus recursos. Com uma abordagem n&#38;atilde;o convencional, ele n&#38;atilde;o tem medo de desafiar o status quo, explorando investimentos, estrat&#38;eacute;gias e oportunidades com um toque irreverente. Apaixonado por aprender e compartilhar seu conhecimento, ele &#38;eacute; uma fonte de inspira&#38;ccedil;&#38;atilde;o para quem deseja entender e dominar o universo financeiro, tudo isso com um estilo &#38;uacute;nico e destemido.&#60;/p&#62;', '2024-07-07 15:27:27', '2025-03-30 04:34:19'),
(1, 45, 'dummy', 0, 'Dummy', 'porrage', 'dummy@test.com', '$2y$10$JS.rYsDh9BG5BFl5W3xg/OvY3OjKJ2ugAicgR3UO/huXcSNPZKztS', '1711988601906.jpg', '&#60;p&#62;&#60;strong data-is-only-node=&#34;&#34; data-end=&#34;9&#34; data-start=&#34;0&#34;&#62;Dummy&#60;/strong&#62; &#38;eacute; uma pessoa que, apesar do nome, pode ser muito mais do que parece. Frequentemente associada a algo ou algu&#38;eacute;m simples, inexperiente ou at&#38;eacute; ing&#38;ecirc;nuo, a figura de &#34;Dummy&#34; esconde uma profundidade surpreendente. No entanto, ele &#38;eacute; algu&#38;eacute;m com grande potencial de aprendizado, disposto a enfrentar desafios e evoluir constantemente. Seu nome pode sugerir uma abordagem descontra&#38;iacute;da, mas, no fundo, ele possui uma grande capacidade de adapta&#38;ccedil;&#38;atilde;o e crescimento, sempre buscando aperfei&#38;ccedil;oar suas habilidades e conhecimentos.&#60;/p&#62;', '2024-07-07 20:32:04', '2025-03-30 04:34:57'),
(0, 46, 'homemoculosescuros', 0, 'Homem', 'de Oculos Escuros', 'homemoculosescuros@test.com', '$2y$10$k9Tk5du8hV5nTZSEUYVgUuNrt2Dn6GCZXJ3s1IbKxBY1aASxJRthO', '', '', '2024-07-07 21:05:28', '2025-03-30 04:41:02'),
(1, 48, 'ma', 0, 'Marcos dos', 'carvalho', 'marcos_scoa@outlook.com', '$2y$10$pDK6RYV2vx/XTKNVNHENAuQ2aUSeSJZP61naWN/t/YDH.bvpmG7nS', NULL, NULL, '2024-07-08 01:29:29', '2024-07-17 06:14:12'),
(0, 49, 'filluser', 0, 'Usuário', 'de Preenchimento', 'filluser@test.com', '$2y$10$iKV0H6GSwEP0dZCMsQKaFehxjuukxo3vR2UKN9Xl.5xUDCntQ1l26', '', '', '2024-07-09 04:18:56', '2025-03-30 04:41:49'),
(1, 51, 'legaul123', 0, 'Cara', 'Legaul', 'legaul@test.com', '$2y$10$FQk5Wu.pZvw1cfQcNKZK7OkYj02r6MskC4woh3H/sC0kKsAnUEiva', '1711988601906.jpg', '&#60;p&#62;&#60;strong data-is-only-node=&#34;&#34; data-end=&#34;14&#34; data-start=&#34;0&#34;&#62;Cara Legaul&#60;/strong&#62;&#38;nbsp;&#38;eacute; aquele tipo de pessoa que conquista todos ao seu redor com seu jeito descontra&#38;iacute;do, simp&#38;aacute;tico e acolhedor. Sempre com um sorriso no rosto e pronto para ajudar, ele &#38;eacute; o amigo que todos querem por perto, seja para descontrair, seja para enfrentar desafios juntos. Sua personalidade cativante faz com que ele seja facilmente querido e respeitado, trazendo uma energia positiva onde quer que v&#38;aacute;. &#34;Cara Legal&#34; &#38;eacute;, sem d&#38;uacute;vida, algu&#38;eacute;m que sabe equilibrar leveza e responsabilidade, tornando qualquer ambiente mais agrad&#38;aacute;vel.&#60;/p&#62;', '2024-07-17 05:01:42', '2025-03-30 04:36:42'),
(1, 52, 'visitinguser', 1, 'Visiting', 'User', 'visitinguser@test.com', '$2y$10$WFGwqI4qqbWaiT6OMNkIzeSGlh3kv8j3wnhUcaIkxx2Icdhxq9c5y', 'Amogus_non-free.png', 'Este usuário pode navegar pelo site, acessar áreas disponíveis e enviar dados. No entanto, as informações enviadas não são armazenadas permanentemente e não afetam o sistema. &#60;br&#62;&#60;br&#62; This user can browse the website, access available areas, and submit data. However, the submitted information is not permanently stored and does not affect the system.', '2025-03-30 01:33:25', '2025-03-30 02:30:38');

--
-- Indexes for dumped tables
--

--
-- Indexes for table `gallery`
--
ALTER TABLE `gallery`
  ADD PRIMARY KEY (`id`),
  ADD KEY `user_id` (`user_id`);

--
-- Indexes for table `posts`
--
ALTER TABLE `posts`
  ADD PRIMARY KEY (`id`),
  ADD UNIQUE KEY `slug` (`slug`),
  ADD KEY `user_id` (`user_id`);

--
-- Indexes for table `products`
--
ALTER TABLE `products`
  ADD PRIMARY KEY (`id`),
  ADD UNIQUE KEY `slug` (`slug`),
  ADD KEY `user_id` (`user_id`),
  ADD KEY `id_category` (`id_category`);

--
-- Indexes for table `product_categories`
--
ALTER TABLE `product_categories`
  ADD PRIMARY KEY (`id`),
  ADD UNIQUE KEY `slug` (`slug`),
  ADD KEY `user_id` (`user_id`);

--
-- Indexes for table `users`
--
ALTER TABLE `users`
  ADD PRIMARY KEY (`id`),
  ADD UNIQUE KEY `email` (`email`),
  ADD UNIQUE KEY `user_name` (`username`);

--
-- AUTO_INCREMENT for dumped tables
--

--
-- AUTO_INCREMENT for table `gallery`
--
ALTER TABLE `gallery`
  MODIFY `id` int(11) NOT NULL AUTO_INCREMENT, AUTO_INCREMENT=28;

--
-- AUTO_INCREMENT for table `posts`
--
ALTER TABLE `posts`
  MODIFY `id` int(11) NOT NULL AUTO_INCREMENT, AUTO_INCREMENT=21;

--
-- AUTO_INCREMENT for table `products`
--
ALTER TABLE `products`
  MODIFY `id` int(11) NOT NULL AUTO_INCREMENT, AUTO_INCREMENT=44;

--
-- AUTO_INCREMENT for table `product_categories`
--
ALTER TABLE `product_categories`
  MODIFY `id` int(11) NOT NULL AUTO_INCREMENT, AUTO_INCREMENT=6;

--
-- AUTO_INCREMENT for table `users`
--
ALTER TABLE `users`
  MODIFY `id` int(11) NOT NULL AUTO_INCREMENT, AUTO_INCREMENT=53;

--
-- Constraints for dumped tables
--

--
-- Constraints for table `gallery`
--
ALTER TABLE `gallery`
  ADD CONSTRAINT `gallery_ibfk_1` FOREIGN KEY (`user_id`) REFERENCES `users` (`id`);

--
-- Constraints for table `posts`
--
ALTER TABLE `posts`
  ADD CONSTRAINT `posts_ibfk_1` FOREIGN KEY (`user_id`) REFERENCES `users` (`id`);

--
-- Constraints for table `products`
--
ALTER TABLE `products`
  ADD CONSTRAINT `fk_parent` FOREIGN KEY (`id_category`) REFERENCES `product_categories` (`id`) ON DELETE CASCADE,
  ADD CONSTRAINT `products_ibfk_1` FOREIGN KEY (`user_id`) REFERENCES `users` (`id`),
  ADD CONSTRAINT `products_ibfk_2` FOREIGN KEY (`id_category`) REFERENCES `product_categories` (`id`);

--
-- Constraints for table `product_categories`
--
ALTER TABLE `product_categories`
  ADD CONSTRAINT `product_categories_ibfk_1` FOREIGN KEY (`user_id`) REFERENCES `users` (`id`);
COMMIT;

/*!40101 SET CHARACTER_SET_CLIENT=@OLD_CHARACTER_SET_CLIENT */;
/*!40101 SET CHARACTER_SET_RESULTS=@OLD_CHARACTER_SET_RESULTS */;
/*!40101 SET COLLATION_CONNECTION=@OLD_COLLATION_CONNECTION */;
